User: USER;Path: C:\Program Files (x86)\BMG\CLARIOstar\User\Data;Test run no.: 2377
Test name: HRCurcAbs11.6.24;Date: 2024-06-28;Time: 14:41:20

ID1: HR_28.6.24;ID2: curc_seed_data;ID3: plate3;
Absorbance spectrum

Well;Content;Raw Data (Abs Spectrum);Raw Data (Abs Spectrum);Raw Data (Abs Spectrum);Raw Data (Abs Spectrum);Raw Data (Abs Spectrum);Raw Data (Abs Spectrum);Raw Data (Abs Spectrum);Raw Data (Abs Spectrum);Raw Data (Abs Spectrum);Raw Data (Abs Spectrum);Raw Data (Abs Spectrum);Raw Data (Abs Spectrum);Raw Data (Abs Spectrum);Raw Data (Abs Spectrum);Raw Data (Abs Spectrum);Raw Data (Abs Spectrum);Raw Data (Abs Spectrum);Raw Data (Abs Spectrum);Raw Data (Abs Spectrum);Raw Data (Abs Spectrum);Raw Data (Abs Spectrum);Raw Data (Abs Spectrum);Raw Data (Abs Spectrum);Raw Data (Abs Spectrum);Raw Data (Abs Spectrum);Raw Data (Abs Spectrum);Raw Data (Abs Spectrum);Raw Data (Abs Spectrum);Raw Data (Abs Spectrum);Raw Data (Abs Spectrum);Raw Data (Abs Spectrum);Raw Data (Abs Spectrum);Raw Data (Abs Spectrum);Raw Data (Abs Spectrum);Raw Data (Abs Spectrum);Raw Data (Abs Spectrum);Raw Data (Abs Spectrum);Raw Data (Abs Spectrum);Raw Data (Abs Spectrum);Raw Data (Abs Spectrum);Raw Data (Abs Spectrum);Raw Data (Abs Spectrum);Raw Data (Abs Spectrum);Raw Data (Abs Spectrum);Raw Data (Abs Spectrum);Raw Data (Abs Spectrum);Raw Data (Abs Spectrum);Raw Data (Abs Spectrum);Raw Data (Abs Spectrum);Raw Data (Abs Spectrum);Raw Data (Abs Spectrum);Raw Data (Abs Spectrum);Raw Data (Abs Spectrum);Raw Data (Abs Spectrum);Raw Data (Abs Spectrum);Raw Data (Abs Spectrum);Raw Data (Abs Spectrum);Raw Data (Abs Spectrum);Raw Data (Abs Spectrum);Raw Data (Abs Spectrum);Raw Data (Abs Spectrum);Raw Data (Abs Spectrum);Raw Data (Abs Spectrum);Raw Data (Abs Spectrum);Raw Data (Abs Spectrum);Raw Data (Abs Spectrum);Raw Data (Abs Spectrum);Raw Data (Abs Spectrum);Raw Data (Abs Spectrum);Raw Data (Abs Spectrum);Raw Data (Abs Spectrum);Raw Data (Abs Spectrum);Raw Data (Abs Spectrum);Raw Data (Abs Spectrum);Raw Data (Abs Spectrum);Raw Data (Abs Spectrum);Raw Data (Abs Spectrum);Raw Data (Abs Spectrum);Raw Data (Abs Spectrum);Raw Data (Abs Spectrum);Raw Data (Abs Spectrum);Raw Data (Abs Spectrum);Raw Data (Abs Spectrum);Raw Data (Abs Spectrum);Raw Data (Abs Spectrum);Raw Data (Abs Spectrum);Raw Data (Abs Spectrum);Raw Data (Abs Spectrum);Raw Data (Abs Spectrum);Raw Data (Abs Spectrum);Raw Data (Abs Spectrum);Raw Data (Abs Spectrum);Raw Data (Abs Spectrum);Raw Data (Abs Spectrum);Raw Data (Abs Spectrum);Raw Data (Abs Spectrum);Raw Data (Abs Spectrum);Raw Data (Abs Spectrum);Raw Data (Abs Spectrum);Raw Data (Abs Spectrum);Raw Data (Abs Spectrum);Raw Data (Abs Spectrum);Raw Data (Abs Spectrum);Raw Data (Abs Spectrum);Raw Data (Abs Spectrum);Raw Data (Abs Spectrum);Raw Data (Abs Spectrum);Raw Data (Abs Spectrum);Raw Data (Abs Spectrum);Raw Data (Abs Spectrum);Raw Data (Abs Spectrum);Raw Data (Abs Spectrum);Raw Data (Abs Spectrum);Raw Data (Abs Spectrum);Raw Data (Abs Spectrum);Raw Data (Abs Spectrum);Raw Data (Abs Spectrum);Raw Data (Abs Spectrum);Raw Data (Abs Spectrum);Raw Data (Abs Spectrum);Raw Data (Abs Spectrum);Raw Data (Abs Spectrum);Raw Data (Abs Spectrum);Raw Data (Abs Spectrum);Raw Data (Abs Spectrum);Raw Data (Abs Spectrum);Raw Data (Abs Spectrum);Raw Data (Abs Spectrum);Raw Data (Abs Spectrum);Raw Data (Abs Spectrum);Raw Data (Abs Spectrum);Raw Data (Abs Spectrum);Raw Data (Abs Spectrum);Raw Data (Abs Spectrum);Raw Data (Abs Spectrum);Raw Data (Abs Spectrum);Raw Data (Abs Spectrum);Raw Data (Abs Spectrum);Raw Data (Abs Spectrum);Raw Data (Abs Spectrum);Raw Data (Abs Spectrum);Raw Data (Abs Spectrum);Raw Data (Abs Spectrum);Raw Data (Abs Spectrum);Raw Data (Abs Spectrum);Raw Data (Abs Spectrum);Raw Data (Abs Spectrum);Raw Data (Abs Spectrum);Raw Data (Abs Spectrum);Raw Data (Abs Spectrum);Raw Data (Abs Spectrum);Raw Data (Abs Spectrum);Raw Data (Abs Spectrum);Raw Data (Abs Spectrum);Raw Data (Abs Spectrum);Raw Data (Abs Spectrum);Raw Data (Abs Spectrum);
;Wavelength [nm];220;225;230;235;240;245;250;255;260;265;270;275;280;285;290;295;300;305;310;315;320;325;330;335;340;345;350;355;360;365;370;375;380;385;390;395;400;405;410;415;420;425;430;435;440;445;450;455;460;465;470;475;480;485;490;495;500;505;510;515;520;525;530;535;540;545;550;555;560;565;570;575;580;585;590;595;600;605;610;615;620;625;630;635;640;645;650;655;660;665;670;675;680;685;690;695;700;705;710;715;720;725;730;735;740;745;750;755;760;765;770;775;780;785;790;795;800;805;810;815;820;825;830;835;840;845;850;855;860;865;870;875;880;885;890;895;900;905;910;915;920;925;930;935;940;945;950;955;960;965;970;975;980;985;990;995;1000;
A01;Sample X1;1.782;2.484;2.995;3.237;overflow;3.467;3.349;3.494;3.427;3.358;3.354;3.028;2.679;1.858;1.306;0.933;0.600;0.469;0.408;0.375;0.348;0.319;0.300;0.283;0.269;0.259;0.252;0.247;0.240;0.231;0.222;0.212;0.209;0.212;0.218;0.225;0.235;0.246;0.257;0.269;0.281;0.288;0.294;0.296;0.294;0.289;0.282;0.272;0.258;0.236;0.214;0.192;0.172;0.152;0.136;0.126;0.120;0.117;0.114;0.112;0.112;0.113;0.111;0.110;0.112;0.110;0.111;0.112;0.112;0.113;0.113;0.112;0.112;0.113;0.113;0.114;0.112;0.113;0.112;0.111;0.111;0.111;0.109;0.108;0.106;0.105;0.104;0.102;0.100;0.098;0.098;0.096;0.096;0.094;0.094;0.094;0.094;0.092;0.093;0.093;0.092;0.093;0.094;0.093;0.094;0.093;0.093;0.093;0.093;0.093;0.091;0.092;0.092;0.092;0.092;0.092;0.093;0.092;0.091;0.092;0.090;0.092;0.092;0.093;0.093;0.094;0.094;0.096;0.096;0.098;0.099;0.100;0.097;0.102;0.105;0.105;0.106;0.102;0.100;0.094;0.103;0.103;0.103;0.105;0.111;0.109;0.112;0.121;0.124;0.126;0.130;0.129;0.136;0.141;0.124;0.144;0.141;
A02;Sample X9;1.760;2.193;2.795;2.970;3.289;3.304;3.313;3.404;3.281;3.186;3.079;2.869;2.448;1.567;1.050;0.720;0.421;0.307;0.255;0.228;0.206;0.184;0.170;0.155;0.143;0.135;0.130;0.126;0.122;0.116;0.109;0.103;0.102;0.104;0.107;0.113;0.120;0.128;0.138;0.147;0.156;0.163;0.168;0.170;0.168;0.165;0.160;0.152;0.142;0.127;0.111;0.094;0.079;0.064;0.054;0.047;0.042;0.038;0.036;0.033;0.033;0.033;0.032;0.032;0.032;0.032;0.032;0.031;0.031;0.032;0.032;0.032;0.031;0.031;0.032;0.033;0.033;0.032;0.032;0.032;0.032;0.032;0.032;0.032;0.032;0.031;0.032;0.031;0.032;0.032;0.032;0.031;0.031;0.031;0.031;0.032;0.032;0.032;0.032;0.032;0.032;0.033;0.033;0.034;0.033;0.033;0.034;0.033;0.033;0.033;0.034;0.034;0.033;0.033;0.033;0.033;0.034;0.033;0.033;0.034;0.033;0.032;0.033;0.034;0.034;0.036;0.036;0.038;0.038;0.040;0.041;0.042;0.041;0.041;0.046;0.048;0.048;0.043;0.041;0.040;0.040;0.042;0.043;0.045;0.048;0.049;0.053;0.059;0.064;0.067;0.071;0.072;0.074;0.077;0.076;0.078;0.077;
A03;Sample X17;1.803;2.518;2.835;3.041;3.315;3.417;3.414;3.374;3.342;3.240;3.087;2.896;2.470;1.582;1.063;0.736;0.438;0.325;0.274;0.248;0.227;0.206;0.194;0.181;0.172;0.164;0.162;0.159;0.154;0.151;0.146;0.141;0.142;0.147;0.154;0.163;0.177;0.190;0.204;0.218;0.232;0.242;0.250;0.252;0.249;0.243;0.235;0.222;0.204;0.180;0.154;0.128;0.103;0.080;0.065;0.054;0.046;0.040;0.037;0.034;0.033;0.032;0.031;0.031;0.031;0.031;0.031;0.031;0.032;0.032;0.032;0.031;0.032;0.032;0.032;0.033;0.032;0.032;0.032;0.032;0.031;0.032;0.031;0.032;0.031;0.031;0.032;0.031;0.031;0.031;0.031;0.030;0.030;0.031;0.031;0.031;0.031;0.031;0.031;0.032;0.032;0.033;0.033;0.033;0.034;0.033;0.033;0.033;0.033;0.033;0.033;0.033;0.033;0.032;0.033;0.034;0.033;0.032;0.032;0.032;0.032;0.032;0.032;0.033;0.034;0.034;0.034;0.036;0.036;0.038;0.040;0.041;0.040;0.040;0.045;0.047;0.047;0.042;0.040;0.039;0.040;0.041;0.043;0.044;0.047;0.050;0.052;0.059;0.063;0.066;0.070;0.072;0.074;0.076;0.076;0.077;0.077;
A04;Sample X25;1.976;2.585;2.986;3.137;3.438;3.392;3.314;3.466;3.413;3.368;3.199;2.978;2.480;1.614;1.090;0.760;0.457;0.344;0.293;0.266;0.245;0.224;0.211;0.198;0.189;0.183;0.181;0.179;0.175;0.171;0.164;0.158;0.158;0.164;0.171;0.182;0.197;0.211;0.227;0.242;0.258;0.268;0.276;0.277;0.274;0.267;0.257;0.243;0.221;0.194;0.165;0.136;0.109;0.084;0.068;0.057;0.048;0.042;0.038;0.036;0.034;0.033;0.032;0.032;0.031;0.032;0.032;0.032;0.032;0.033;0.032;0.032;0.032;0.032;0.032;0.033;0.033;0.032;0.032;0.032;0.032;0.032;0.032;0.032;0.032;0.031;0.032;0.032;0.031;0.031;0.032;0.031;0.031;0.031;0.031;0.032;0.032;0.032;0.032;0.032;0.032;0.033;0.034;0.034;0.034;0.034;0.034;0.034;0.034;0.034;0.035;0.034;0.034;0.034;0.034;0.034;0.034;0.034;0.034;0.034;0.033;0.033;0.034;0.035;0.035;0.036;0.036;0.037;0.037;0.039;0.041;0.042;0.041;0.041;0.045;0.048;0.047;0.042;0.040;0.039;0.040;0.042;0.043;0.044;0.048;0.049;0.053;0.058;0.064;0.066;0.070;0.072;0.074;0.076;0.075;0.077;0.076;
A05;Sample X33;1.795;2.538;3.119;2.982;3.205;overflow;3.493;3.434;3.419;3.321;3.131;2.921;2.510;1.608;1.081;0.743;0.437;0.321;0.270;0.243;0.222;0.200;0.187;0.173;0.162;0.156;0.151;0.147;0.142;0.137;0.129;0.122;0.121;0.124;0.128;0.136;0.146;0.156;0.166;0.177;0.187;0.195;0.201;0.202;0.200;0.195;0.188;0.178;0.164;0.146;0.126;0.105;0.085;0.068;0.056;0.048;0.041;0.036;0.034;0.031;0.031;0.029;0.029;0.029;0.029;0.029;0.029;0.029;0.029;0.029;0.029;0.029;0.029;0.029;0.029;0.029;0.029;0.029;0.029;0.029;0.029;0.029;0.029;0.028;0.029;0.029;0.029;0.029;0.029;0.028;0.029;0.028;0.028;0.029;0.029;0.029;0.029;0.029;0.029;0.030;0.030;0.030;0.031;0.032;0.032;0.031;0.032;0.032;0.032;0.032;0.033;0.033;0.032;0.032;0.032;0.033;0.032;0.032;0.032;0.032;0.032;0.031;0.032;0.032;0.032;0.034;0.033;0.034;0.035;0.036;0.038;0.039;0.038;0.039;0.043;0.046;0.044;0.040;0.038;0.037;0.037;0.039;0.040;0.042;0.045;0.048;0.051;0.055;0.061;0.064;0.067;0.069;0.071;0.072;0.074;0.074;0.072;
A06;Sample X41;1.804;2.540;3.003;3.024;3.480;3.422;3.476;overflow;3.475;3.471;3.120;2.878;2.402;1.498;0.996;0.688;0.407;0.300;0.252;0.227;0.208;0.189;0.176;0.164;0.155;0.149;0.146;0.144;0.140;0.137;0.133;0.130;0.132;0.136;0.142;0.151;0.162;0.174;0.186;0.199;0.211;0.221;0.228;0.230;0.226;0.221;0.214;0.202;0.185;0.164;0.140;0.117;0.094;0.074;0.061;0.051;0.044;0.038;0.035;0.033;0.032;0.031;0.030;0.030;0.029;0.030;0.030;0.029;0.029;0.029;0.029;0.029;0.029;0.029;0.029;0.029;0.030;0.030;0.029;0.029;0.029;0.029;0.029;0.029;0.029;0.029;0.030;0.029;0.029;0.029;0.030;0.028;0.028;0.029;0.029;0.030;0.029;0.030;0.029;0.030;0.030;0.030;0.031;0.032;0.031;0.031;0.032;0.031;0.031;0.031;0.032;0.032;0.031;0.031;0.031;0.032;0.031;0.030;0.031;0.030;0.030;0.030;0.030;0.031;0.032;0.033;0.033;0.034;0.034;0.036;0.038;0.039;0.038;0.038;0.043;0.045;0.045;0.040;0.038;0.037;0.037;0.039;0.040;0.043;0.045;0.047;0.051;0.056;0.061;0.066;0.068;0.069;0.072;0.074;0.074;0.076;0.074;
A07;Sample X49;1.816;2.458;2.870;2.906;3.468;3.446;3.480;3.342;3.302;3.331;3.113;2.805;2.418;1.522;1.020;0.704;0.418;0.308;0.258;0.234;0.213;0.193;0.179;0.166;0.157;0.150;0.147;0.144;0.141;0.136;0.132;0.129;0.129;0.134;0.140;0.147;0.158;0.170;0.181;0.193;0.204;0.213;0.219;0.220;0.217;0.212;0.205;0.194;0.177;0.157;0.134;0.112;0.091;0.071;0.059;0.050;0.044;0.040;0.037;0.035;0.034;0.033;0.032;0.032;0.032;0.032;0.032;0.033;0.033;0.033;0.033;0.032;0.033;0.033;0.032;0.033;0.033;0.033;0.033;0.033;0.033;0.033;0.032;0.033;0.032;0.032;0.033;0.032;0.032;0.032;0.032;0.032;0.032;0.032;0.032;0.033;0.032;0.032;0.033;0.033;0.033;0.034;0.034;0.035;0.035;0.034;0.035;0.035;0.035;0.034;0.036;0.035;0.035;0.035;0.035;0.035;0.035;0.035;0.034;0.035;0.034;0.034;0.033;0.035;0.035;0.035;0.036;0.037;0.037;0.039;0.040;0.041;0.041;0.041;0.045;0.047;0.047;0.042;0.041;0.039;0.040;0.042;0.043;0.045;0.048;0.050;0.054;0.059;0.064;0.067;0.072;0.073;0.076;0.078;0.076;0.079;0.077;
A08;Sample X57;1.774;2.591;2.873;2.976;3.414;3.406;3.385;overflow;3.341;3.288;3.167;2.927;2.461;1.564;1.054;0.734;0.443;0.333;0.284;0.259;0.238;0.219;0.208;0.197;0.189;0.184;0.184;0.182;0.181;0.178;0.173;0.171;0.174;0.181;0.191;0.204;0.221;0.240;0.259;0.278;0.296;0.310;0.320;0.323;0.319;0.311;0.301;0.284;0.260;0.228;0.194;0.160;0.127;0.097;0.078;0.063;0.053;0.045;0.041;0.037;0.036;0.035;0.034;0.033;0.033;0.033;0.033;0.033;0.033;0.033;0.033;0.033;0.033;0.033;0.033;0.034;0.033;0.033;0.033;0.033;0.032;0.033;0.032;0.032;0.032;0.032;0.032;0.032;0.032;0.032;0.033;0.032;0.032;0.032;0.032;0.033;0.032;0.033;0.033;0.034;0.033;0.034;0.034;0.035;0.035;0.035;0.035;0.035;0.036;0.035;0.035;0.035;0.036;0.035;0.035;0.036;0.036;0.035;0.035;0.035;0.035;0.034;0.034;0.036;0.036;0.037;0.037;0.038;0.038;0.040;0.042;0.042;0.042;0.041;0.046;0.047;0.047;0.043;0.041;0.040;0.040;0.042;0.044;0.044;0.047;0.049;0.053;0.058;0.063;0.067;0.070;0.072;0.074;0.076;0.075;0.077;0.076;
A09;Sample X65;1.819;2.542;2.912;3.105;3.372;3.370;3.395;overflow;overflow;3.464;3.203;2.940;2.532;1.632;1.108;0.772;0.467;0.352;0.300;0.274;0.252;0.231;0.219;0.207;0.200;0.196;0.196;0.196;0.195;0.193;0.189;0.185;0.190;0.199;0.211;0.228;0.249;0.271;0.294;0.318;0.340;0.358;0.371;0.374;0.370;0.361;0.349;0.330;0.302;0.264;0.224;0.182;0.143;0.108;0.085;0.068;0.055;0.046;0.041;0.037;0.035;0.034;0.033;0.033;0.032;0.032;0.032;0.032;0.033;0.033;0.033;0.033;0.032;0.033;0.033;0.034;0.033;0.033;0.033;0.033;0.033;0.033;0.033;0.033;0.032;0.033;0.033;0.033;0.032;0.033;0.033;0.032;0.032;0.033;0.033;0.034;0.033;0.033;0.034;0.034;0.034;0.035;0.036;0.036;0.036;0.035;0.036;0.036;0.036;0.036;0.037;0.037;0.037;0.037;0.036;0.037;0.037;0.037;0.036;0.037;0.037;0.036;0.036;0.037;0.038;0.039;0.039;0.040;0.040;0.042;0.043;0.044;0.043;0.043;0.048;0.050;0.050;0.044;0.043;0.042;0.042;0.044;0.045;0.046;0.050;0.052;0.056;0.062;0.065;0.070;0.073;0.075;0.077;0.080;0.078;0.081;0.079;
A10;Sample X73;1.932;2.422;3.091;3.128;overflow;overflow;overflow;overflow;3.494;3.286;3.200;2.905;2.399;1.503;1.003;0.689;0.405;0.296;0.248;0.223;0.203;0.183;0.169;0.157;0.147;0.139;0.135;0.132;0.127;0.122;0.117;0.112;0.112;0.115;0.119;0.125;0.134;0.144;0.154;0.164;0.173;0.180;0.187;0.188;0.186;0.182;0.176;0.168;0.154;0.138;0.120;0.102;0.084;0.068;0.057;0.049;0.043;0.039;0.037;0.035;0.034;0.034;0.033;0.033;0.033;0.032;0.032;0.032;0.032;0.033;0.033;0.033;0.033;0.033;0.033;0.034;0.033;0.034;0.033;0.033;0.033;0.033;0.033;0.033;0.033;0.033;0.033;0.033;0.032;0.032;0.033;0.032;0.032;0.033;0.033;0.033;0.033;0.033;0.033;0.033;0.033;0.034;0.035;0.034;0.035;0.034;0.035;0.035;0.035;0.034;0.035;0.035;0.035;0.034;0.034;0.035;0.035;0.034;0.034;0.035;0.034;0.033;0.033;0.035;0.036;0.037;0.037;0.038;0.038;0.040;0.041;0.042;0.042;0.042;0.047;0.049;0.048;0.044;0.042;0.041;0.042;0.044;0.045;0.046;0.049;0.050;0.054;0.061;0.064;0.069;0.072;0.074;0.076;0.078;0.077;0.080;0.079;
A11;Sample X81;1.909;2.459;3.070;2.993;3.398;overflow;overflow;3.447;overflow;3.490;3.237;2.910;2.528;1.646;1.117;0.779;0.474;0.358;0.306;0.281;0.261;0.242;0.230;0.219;0.212;0.207;0.205;0.204;0.201;0.198;0.193;0.189;0.191;0.198;0.206;0.219;0.235;0.252;0.269;0.286;0.303;0.315;0.323;0.324;0.319;0.310;0.298;0.280;0.254;0.222;0.189;0.155;0.123;0.096;0.077;0.063;0.053;0.046;0.042;0.038;0.037;0.036;0.035;0.034;0.034;0.034;0.034;0.034;0.034;0.034;0.034;0.034;0.034;0.034;0.034;0.035;0.035;0.035;0.034;0.035;0.034;0.034;0.034;0.034;0.033;0.034;0.034;0.033;0.033;0.033;0.034;0.033;0.033;0.034;0.033;0.034;0.034;0.034;0.034;0.034;0.034;0.034;0.035;0.036;0.035;0.035;0.035;0.035;0.036;0.035;0.036;0.036;0.036;0.036;0.036;0.036;0.036;0.036;0.036;0.037;0.036;0.035;0.035;0.037;0.038;0.039;0.039;0.040;0.040;0.041;0.043;0.045;0.044;0.043;0.047;0.049;0.049;0.044;0.043;0.042;0.042;0.044;0.045;0.046;0.050;0.051;0.055;0.062;0.066;0.069;0.072;0.074;0.077;0.079;0.077;0.080;0.080;
A12;Sample X89;1.896;2.369;2.992;3.004;3.461;3.450;3.492;3.449;3.460;overflow;3.324;3.002;2.593;1.699;1.175;0.839;0.538;0.424;0.373;0.349;0.331;0.316;0.309;0.306;0.306;0.311;0.320;0.328;0.335;0.340;0.342;0.348;0.362;0.385;0.412;0.447;0.489;0.534;0.579;0.624;0.669;0.703;0.725;0.726;0.716;0.696;0.670;0.627;0.565;0.484;0.401;0.318;0.242;0.176;0.132;0.100;0.076;0.060;0.050;0.043;0.039;0.037;0.035;0.034;0.034;0.034;0.034;0.033;0.034;0.034;0.034;0.033;0.034;0.034;0.034;0.034;0.034;0.034;0.034;0.034;0.033;0.034;0.033;0.033;0.033;0.033;0.033;0.033;0.033;0.033;0.033;0.033;0.033;0.033;0.033;0.033;0.033;0.034;0.034;0.034;0.034;0.035;0.036;0.036;0.036;0.036;0.036;0.036;0.036;0.036;0.036;0.037;0.037;0.036;0.036;0.037;0.037;0.036;0.036;0.036;0.036;0.034;0.035;0.036;0.037;0.038;0.038;0.040;0.040;0.042;0.043;0.044;0.042;0.042;0.047;0.049;0.049;0.044;0.042;0.041;0.041;0.044;0.045;0.046;0.049;0.051;0.055;0.061;0.065;0.069;0.072;0.075;0.077;0.079;0.077;0.080;0.079;
B01;Sample X2;2.010;2.506;2.927;3.362;3.472;overflow;3.496;overflow;3.498;3.380;3.214;2.948;2.498;1.602;1.084;0.756;0.459;0.346;0.296;0.270;0.249;0.231;0.219;0.206;0.198;0.194;0.194;0.194;0.192;0.188;0.184;0.178;0.181;0.190;0.200;0.213;0.231;0.251;0.270;0.290;0.309;0.324;0.336;0.338;0.334;0.326;0.314;0.297;0.271;0.238;0.202;0.165;0.130;0.099;0.079;0.064;0.053;0.045;0.040;0.037;0.035;0.034;0.033;0.032;0.032;0.032;0.032;0.032;0.032;0.032;0.032;0.032;0.032;0.032;0.032;0.032;0.032;0.032;0.032;0.032;0.032;0.032;0.032;0.032;0.032;0.032;0.032;0.032;0.032;0.032;0.033;0.032;0.031;0.032;0.032;0.032;0.032;0.033;0.033;0.033;0.033;0.034;0.034;0.034;0.035;0.034;0.035;0.035;0.035;0.034;0.035;0.035;0.034;0.035;0.034;0.035;0.035;0.034;0.033;0.034;0.034;0.033;0.033;0.034;0.035;0.036;0.036;0.037;0.038;0.040;0.041;0.042;0.041;0.040;0.045;0.048;0.047;0.042;0.040;0.040;0.040;0.042;0.044;0.044;0.048;0.049;0.054;0.059;0.063;0.067;0.071;0.073;0.074;0.076;0.076;0.078;0.077;
B02;Sample X10;1.739;2.446;2.896;3.095;3.254;3.362;3.344;3.332;3.355;3.201;3.124;2.889;2.411;1.519;1.013;0.696;0.406;0.296;0.246;0.221;0.199;0.178;0.163;0.148;0.138;0.128;0.123;0.119;0.113;0.107;0.099;0.092;0.090;0.091;0.092;0.096;0.101;0.107;0.114;0.120;0.126;0.131;0.135;0.136;0.135;0.132;0.128;0.122;0.114;0.103;0.090;0.078;0.066;0.055;0.048;0.043;0.039;0.036;0.034;0.032;0.032;0.032;0.031;0.030;0.031;0.031;0.031;0.031;0.031;0.031;0.031;0.031;0.031;0.031;0.031;0.032;0.032;0.031;0.031;0.031;0.031;0.031;0.031;0.031;0.031;0.031;0.031;0.031;0.031;0.031;0.031;0.030;0.030;0.031;0.031;0.031;0.031;0.031;0.031;0.031;0.032;0.032;0.033;0.033;0.033;0.032;0.033;0.033;0.033;0.032;0.033;0.033;0.032;0.032;0.032;0.033;0.033;0.033;0.032;0.032;0.032;0.031;0.031;0.032;0.034;0.034;0.035;0.036;0.036;0.039;0.040;0.040;0.040;0.039;0.044;0.047;0.046;0.041;0.040;0.039;0.039;0.041;0.042;0.043;0.046;0.049;0.053;0.058;0.062;0.066;0.070;0.071;0.073;0.075;0.074;0.077;0.075;
B03;Sample X18;2.044;2.522;2.940;2.954;3.441;overflow;3.292;3.343;3.374;3.289;3.165;2.876;2.418;1.528;1.023;0.705;0.415;0.306;0.256;0.230;0.208;0.187;0.172;0.156;0.145;0.135;0.130;0.124;0.117;0.109;0.102;0.094;0.090;0.090;0.090;0.092;0.095;0.098;0.103;0.107;0.110;0.113;0.116;0.116;0.115;0.113;0.110;0.106;0.100;0.093;0.085;0.076;0.068;0.060;0.056;0.053;0.050;0.048;0.047;0.046;0.046;0.046;0.045;0.045;0.045;0.046;0.046;0.046;0.046;0.046;0.046;0.046;0.046;0.046;0.046;0.046;0.046;0.046;0.046;0.046;0.046;0.046;0.046;0.045;0.045;0.045;0.046;0.046;0.045;0.045;0.045;0.045;0.045;0.045;0.045;0.046;0.045;0.046;0.046;0.046;0.046;0.047;0.047;0.048;0.048;0.047;0.048;0.048;0.048;0.047;0.048;0.048;0.048;0.048;0.047;0.048;0.048;0.048;0.047;0.048;0.048;0.047;0.047;0.049;0.049;0.050;0.051;0.052;0.052;0.054;0.055;0.056;0.056;0.056;0.060;0.063;0.062;0.058;0.055;0.055;0.055;0.057;0.058;0.059;0.063;0.064;0.069;0.074;0.078;0.081;0.085;0.086;0.089;0.091;0.090;0.092;0.091;
B04;Sample X26;1.923;2.511;2.998;3.063;overflow;3.419;overflow;3.493;3.350;3.393;3.160;2.922;2.414;1.515;1.015;0.700;0.415;0.306;0.257;0.231;0.210;0.189;0.176;0.162;0.153;0.145;0.141;0.138;0.133;0.129;0.124;0.119;0.120;0.123;0.128;0.135;0.145;0.156;0.167;0.179;0.190;0.198;0.206;0.207;0.205;0.201;0.195;0.185;0.171;0.152;0.132;0.110;0.090;0.071;0.059;0.050;0.044;0.039;0.037;0.034;0.034;0.033;0.031;0.032;0.031;0.032;0.032;0.032;0.032;0.033;0.033;0.032;0.032;0.032;0.032;0.033;0.033;0.032;0.032;0.032;0.032;0.032;0.032;0.032;0.031;0.032;0.032;0.031;0.031;0.031;0.032;0.031;0.031;0.031;0.031;0.031;0.031;0.032;0.032;0.032;0.032;0.033;0.034;0.033;0.033;0.033;0.034;0.033;0.033;0.033;0.034;0.034;0.034;0.034;0.033;0.034;0.034;0.034;0.034;0.034;0.034;0.033;0.033;0.034;0.035;0.036;0.036;0.038;0.038;0.040;0.041;0.042;0.042;0.041;0.046;0.048;0.047;0.043;0.040;0.040;0.040;0.042;0.043;0.044;0.048;0.050;0.054;0.059;0.064;0.066;0.070;0.073;0.074;0.076;0.076;0.078;0.076;
B05;Sample X34;1.781;2.456;2.926;3.093;overflow;3.459;3.481;3.415;3.401;3.292;3.160;2.894;2.434;1.506;1.006;0.692;0.408;0.300;0.251;0.226;0.205;0.185;0.172;0.159;0.149;0.142;0.138;0.134;0.129;0.125;0.119;0.115;0.115;0.117;0.120;0.127;0.136;0.145;0.155;0.165;0.174;0.181;0.187;0.188;0.185;0.181;0.175;0.166;0.153;0.137;0.118;0.100;0.082;0.065;0.054;0.047;0.042;0.038;0.035;0.034;0.033;0.032;0.030;0.031;0.031;0.031;0.031;0.031;0.032;0.032;0.031;0.031;0.031;0.031;0.031;0.032;0.031;0.031;0.031;0.031;0.031;0.031;0.031;0.031;0.031;0.031;0.031;0.031;0.030;0.030;0.031;0.030;0.030;0.031;0.030;0.031;0.030;0.031;0.031;0.032;0.032;0.032;0.033;0.033;0.033;0.032;0.033;0.033;0.033;0.032;0.033;0.033;0.033;0.033;0.033;0.034;0.034;0.034;0.033;0.033;0.033;0.032;0.032;0.033;0.034;0.036;0.036;0.037;0.037;0.039;0.040;0.041;0.040;0.040;0.044;0.047;0.047;0.042;0.040;0.039;0.039;0.041;0.042;0.043;0.047;0.049;0.052;0.058;0.062;0.066;0.070;0.072;0.074;0.076;0.074;0.077;0.076;
B06;Sample X42;1.678;2.481;2.814;2.799;3.448;3.382;3.266;3.361;3.437;3.232;3.064;2.840;2.390;1.484;0.996;0.690;0.414;0.309;0.262;0.239;0.220;0.202;0.191;0.180;0.171;0.165;0.162;0.161;0.157;0.154;0.151;0.148;0.149;0.154;0.160;0.170;0.182;0.196;0.209;0.222;0.235;0.245;0.251;0.253;0.248;0.242;0.233;0.220;0.200;0.176;0.150;0.124;0.100;0.078;0.064;0.054;0.046;0.040;0.037;0.035;0.034;0.033;0.031;0.031;0.031;0.031;0.032;0.032;0.032;0.032;0.032;0.032;0.032;0.032;0.032;0.033;0.033;0.032;0.032;0.032;0.032;0.033;0.032;0.032;0.032;0.032;0.033;0.032;0.032;0.032;0.033;0.031;0.032;0.032;0.032;0.032;0.032;0.032;0.033;0.034;0.034;0.034;0.034;0.035;0.035;0.034;0.035;0.035;0.036;0.035;0.036;0.036;0.035;0.035;0.035;0.036;0.036;0.036;0.036;0.035;0.036;0.036;0.035;0.036;0.037;0.038;0.038;0.038;0.039;0.041;0.042;0.043;0.043;0.043;0.048;0.049;0.049;0.044;0.042;0.041;0.042;0.044;0.045;0.046;0.049;0.051;0.054;0.061;0.065;0.068;0.072;0.074;0.077;0.079;0.078;0.081;0.080;
B07;Sample X50;1.874;2.388;3.014;2.970;3.410;3.474;3.359;overflow;3.406;3.355;3.140;2.932;2.409;1.522;1.018;0.703;0.418;0.310;0.260;0.236;0.217;0.197;0.185;0.172;0.164;0.157;0.155;0.153;0.150;0.146;0.142;0.139;0.141;0.146;0.152;0.161;0.174;0.186;0.200;0.214;0.226;0.236;0.244;0.245;0.242;0.236;0.228;0.216;0.198;0.175;0.150;0.124;0.100;0.078;0.064;0.053;0.046;0.040;0.037;0.035;0.033;0.033;0.032;0.031;0.032;0.032;0.032;0.032;0.032;0.032;0.032;0.032;0.032;0.032;0.032;0.033;0.032;0.032;0.032;0.032;0.032;0.032;0.032;0.031;0.031;0.032;0.031;0.031;0.031;0.031;0.031;0.031;0.031;0.031;0.031;0.031;0.031;0.031;0.031;0.032;0.032;0.032;0.034;0.033;0.034;0.033;0.033;0.033;0.034;0.033;0.034;0.034;0.033;0.034;0.033;0.034;0.034;0.033;0.033;0.033;0.033;0.032;0.032;0.034;0.035;0.036;0.036;0.038;0.038;0.039;0.041;0.041;0.041;0.040;0.046;0.048;0.048;0.043;0.041;0.040;0.040;0.042;0.043;0.045;0.048;0.050;0.054;0.059;0.063;0.068;0.071;0.073;0.074;0.076;0.075;0.078;0.076;
B08;Sample X58;1.833;2.636;2.978;3.126;3.340;3.425;3.428;3.493;overflow;3.279;3.096;2.807;2.366;1.470;0.981;0.676;0.397;0.292;0.244;0.220;0.199;0.179;0.167;0.153;0.143;0.136;0.132;0.130;0.125;0.121;0.116;0.111;0.112;0.114;0.118;0.125;0.133;0.142;0.152;0.161;0.170;0.178;0.183;0.184;0.182;0.178;0.173;0.164;0.151;0.135;0.117;0.098;0.082;0.066;0.056;0.048;0.042;0.038;0.036;0.034;0.033;0.033;0.032;0.032;0.032;0.032;0.032;0.032;0.032;0.033;0.033;0.033;0.033;0.033;0.033;0.033;0.034;0.033;0.033;0.033;0.033;0.033;0.033;0.033;0.033;0.033;0.033;0.033;0.032;0.032;0.033;0.032;0.032;0.032;0.032;0.033;0.033;0.033;0.033;0.034;0.034;0.034;0.035;0.035;0.035;0.035;0.035;0.035;0.035;0.035;0.035;0.035;0.035;0.035;0.035;0.035;0.035;0.035;0.035;0.035;0.034;0.034;0.034;0.036;0.036;0.037;0.038;0.039;0.039;0.041;0.042;0.043;0.043;0.042;0.047;0.049;0.049;0.044;0.042;0.042;0.042;0.044;0.044;0.046;0.049;0.052;0.055;0.060;0.065;0.068;0.072;0.074;0.076;0.078;0.077;0.079;0.078;
B09;Sample X66;1.864;2.719;3.061;3.016;3.488;3.491;overflow;overflow;3.369;3.358;3.171;2.899;2.388;1.481;0.988;0.684;0.406;0.301;0.254;0.230;0.210;0.190;0.179;0.168;0.158;0.153;0.149;0.147;0.144;0.140;0.137;0.133;0.134;0.139;0.144;0.153;0.165;0.178;0.191;0.205;0.217;0.226;0.234;0.236;0.233;0.227;0.220;0.208;0.191;0.169;0.145;0.121;0.098;0.077;0.063;0.053;0.045;0.040;0.037;0.034;0.034;0.032;0.031;0.031;0.031;0.031;0.031;0.031;0.032;0.032;0.032;0.032;0.032;0.032;0.032;0.032;0.033;0.033;0.032;0.032;0.032;0.032;0.032;0.032;0.032;0.032;0.032;0.032;0.032;0.032;0.032;0.031;0.031;0.032;0.031;0.032;0.032;0.032;0.032;0.033;0.033;0.033;0.034;0.034;0.034;0.034;0.034;0.035;0.034;0.034;0.035;0.035;0.034;0.034;0.033;0.034;0.034;0.034;0.033;0.034;0.033;0.033;0.033;0.034;0.035;0.035;0.036;0.037;0.038;0.039;0.040;0.042;0.041;0.040;0.045;0.047;0.047;0.042;0.040;0.040;0.040;0.042;0.043;0.044;0.048;0.049;0.054;0.059;0.063;0.067;0.070;0.072;0.075;0.076;0.075;0.078;0.077;
B10;Sample X74;1.720;2.413;2.815;3.099;3.443;overflow;3.479;3.488;overflow;overflow;3.169;2.977;2.432;1.547;1.046;0.733;0.449;0.342;0.294;0.269;0.250;0.232;0.222;0.213;0.208;0.206;0.207;0.209;0.209;0.209;0.208;0.209;0.216;0.227;0.242;0.261;0.285;0.311;0.336;0.363;0.388;0.407;0.422;0.424;0.418;0.408;0.394;0.371;0.337;0.294;0.247;0.200;0.156;0.116;0.090;0.072;0.057;0.048;0.042;0.038;0.036;0.034;0.032;0.032;0.032;0.032;0.033;0.033;0.033;0.034;0.033;0.033;0.033;0.034;0.034;0.034;0.034;0.034;0.034;0.034;0.034;0.034;0.033;0.033;0.033;0.033;0.033;0.033;0.033;0.033;0.033;0.033;0.033;0.033;0.033;0.034;0.033;0.033;0.034;0.034;0.034;0.034;0.035;0.035;0.035;0.035;0.035;0.036;0.036;0.035;0.036;0.036;0.035;0.035;0.035;0.035;0.036;0.035;0.034;0.036;0.035;0.034;0.034;0.036;0.036;0.037;0.038;0.039;0.039;0.041;0.042;0.043;0.043;0.043;0.047;0.049;0.049;0.044;0.042;0.042;0.042;0.043;0.045;0.046;0.050;0.051;0.055;0.061;0.065;0.068;0.072;0.075;0.076;0.079;0.077;0.080;0.079;
B11;Sample X82;1.869;2.510;3.055;3.042;3.390;3.470;3.428;overflow;3.476;3.435;3.234;2.972;2.468;1.579;1.064;0.740;0.447;0.336;0.287;0.263;0.242;0.223;0.213;0.202;0.194;0.190;0.190;0.189;0.187;0.185;0.182;0.181;0.183;0.191;0.202;0.216;0.234;0.252;0.272;0.292;0.311;0.326;0.336;0.338;0.334;0.325;0.314;0.296;0.270;0.236;0.200;0.164;0.129;0.098;0.078;0.063;0.052;0.044;0.039;0.036;0.034;0.032;0.031;0.031;0.031;0.031;0.031;0.032;0.032;0.032;0.032;0.032;0.032;0.032;0.032;0.033;0.033;0.032;0.032;0.032;0.032;0.032;0.032;0.032;0.032;0.032;0.032;0.031;0.031;0.031;0.032;0.031;0.031;0.031;0.031;0.032;0.031;0.032;0.032;0.032;0.032;0.033;0.034;0.034;0.034;0.033;0.034;0.034;0.034;0.034;0.034;0.034;0.034;0.035;0.034;0.035;0.035;0.035;0.034;0.034;0.034;0.033;0.033;0.035;0.035;0.036;0.036;0.037;0.037;0.039;0.041;0.041;0.041;0.040;0.045;0.048;0.047;0.042;0.040;0.040;0.040;0.042;0.044;0.046;0.048;0.050;0.054;0.060;0.064;0.068;0.071;0.073;0.076;0.078;0.076;0.079;0.078;
B12;Sample X90;1.852;2.358;2.903;3.223;3.387;3.418;3.449;3.499;3.452;overflow;3.249;2.922;2.539;1.662;1.136;0.800;0.501;0.387;0.336;0.311;0.291;0.273;0.265;0.257;0.255;0.256;0.260;0.266;0.269;0.272;0.273;0.276;0.287;0.305;0.327;0.355;0.389;0.426;0.463;0.502;0.538;0.566;0.586;0.590;0.583;0.568;0.547;0.515;0.466;0.403;0.337;0.270;0.207;0.151;0.114;0.088;0.067;0.054;0.046;0.040;0.037;0.035;0.033;0.033;0.033;0.033;0.033;0.033;0.033;0.033;0.033;0.033;0.033;0.033;0.033;0.034;0.034;0.034;0.033;0.033;0.033;0.033;0.033;0.033;0.032;0.033;0.033;0.033;0.033;0.032;0.033;0.033;0.033;0.033;0.033;0.034;0.033;0.034;0.034;0.035;0.034;0.035;0.036;0.036;0.037;0.036;0.037;0.037;0.037;0.037;0.037;0.037;0.037;0.036;0.036;0.037;0.037;0.037;0.036;0.036;0.037;0.035;0.035;0.036;0.037;0.037;0.038;0.039;0.039;0.041;0.042;0.044;0.044;0.042;0.047;0.049;0.049;0.044;0.042;0.041;0.042;0.044;0.045;0.046;0.050;0.052;0.055;0.061;0.066;0.070;0.073;0.076;0.078;0.080;0.077;0.082;0.080;
C01;Sample X3;1.838;2.438;2.838;2.913;3.307;3.406;3.462;3.440;3.375;3.368;3.110;2.854;2.416;1.538;1.030;0.710;0.416;0.303;0.253;0.227;0.204;0.182;0.166;0.152;0.139;0.130;0.125;0.120;0.113;0.106;0.097;0.087;0.084;0.084;0.085;0.088;0.093;0.098;0.103;0.109;0.114;0.118;0.122;0.123;0.122;0.119;0.116;0.110;0.103;0.094;0.083;0.072;0.062;0.052;0.046;0.041;0.038;0.036;0.034;0.033;0.033;0.033;0.032;0.032;0.032;0.032;0.032;0.032;0.032;0.032;0.032;0.032;0.032;0.032;0.032;0.033;0.033;0.033;0.032;0.032;0.032;0.032;0.032;0.032;0.032;0.032;0.032;0.032;0.032;0.032;0.033;0.032;0.031;0.032;0.032;0.032;0.033;0.033;0.033;0.034;0.033;0.034;0.035;0.035;0.035;0.034;0.035;0.036;0.035;0.035;0.036;0.036;0.036;0.035;0.034;0.035;0.035;0.035;0.035;0.035;0.034;0.034;0.034;0.035;0.036;0.036;0.037;0.038;0.038;0.040;0.042;0.042;0.042;0.041;0.046;0.048;0.048;0.043;0.041;0.040;0.041;0.042;0.044;0.046;0.048;0.050;0.054;0.060;0.064;0.068;0.072;0.074;0.076;0.078;0.076;0.079;0.078;
C02;Sample X11;1.777;2.628;2.862;2.883;3.340;3.388;3.383;3.407;3.269;3.149;3.122;2.815;2.350;1.474;0.983;0.678;0.399;0.292;0.244;0.219;0.198;0.176;0.162;0.148;0.136;0.128;0.123;0.118;0.113;0.107;0.100;0.092;0.091;0.092;0.094;0.099;0.105;0.112;0.119;0.125;0.131;0.136;0.141;0.142;0.140;0.136;0.133;0.127;0.118;0.106;0.094;0.080;0.068;0.056;0.049;0.044;0.039;0.036;0.035;0.033;0.033;0.032;0.031;0.032;0.032;0.031;0.032;0.031;0.032;0.032;0.032;0.032;0.032;0.032;0.032;0.032;0.033;0.032;0.032;0.032;0.032;0.032;0.032;0.032;0.031;0.032;0.032;0.032;0.031;0.031;0.032;0.031;0.031;0.031;0.031;0.032;0.031;0.032;0.032;0.032;0.032;0.033;0.034;0.034;0.034;0.034;0.034;0.034;0.034;0.034;0.035;0.035;0.035;0.034;0.034;0.035;0.035;0.034;0.034;0.034;0.034;0.033;0.033;0.035;0.035;0.036;0.037;0.037;0.038;0.039;0.040;0.041;0.040;0.040;0.045;0.047;0.046;0.042;0.040;0.039;0.039;0.041;0.042;0.044;0.046;0.047;0.052;0.058;0.062;0.065;0.070;0.070;0.073;0.074;0.074;0.076;0.075;
C03;Sample X19;2.027;2.568;3.036;2.989;overflow;3.437;3.473;overflow;3.397;3.269;3.117;2.853;2.349;1.454;0.969;0.668;0.392;0.286;0.239;0.214;0.194;0.172;0.158;0.144;0.133;0.124;0.119;0.114;0.108;0.102;0.094;0.087;0.085;0.086;0.088;0.091;0.097;0.102;0.108;0.113;0.119;0.123;0.128;0.128;0.126;0.124;0.120;0.115;0.107;0.098;0.086;0.075;0.064;0.053;0.047;0.042;0.039;0.036;0.035;0.033;0.033;0.032;0.031;0.032;0.031;0.032;0.032;0.032;0.032;0.032;0.032;0.032;0.032;0.032;0.032;0.032;0.032;0.032;0.032;0.032;0.032;0.032;0.032;0.032;0.032;0.031;0.032;0.031;0.031;0.031;0.032;0.031;0.031;0.032;0.031;0.032;0.032;0.032;0.032;0.032;0.033;0.033;0.034;0.034;0.034;0.034;0.034;0.034;0.034;0.033;0.035;0.035;0.035;0.035;0.034;0.035;0.035;0.034;0.034;0.035;0.034;0.033;0.033;0.034;0.035;0.036;0.036;0.037;0.038;0.039;0.040;0.041;0.040;0.040;0.045;0.047;0.046;0.042;0.040;0.040;0.039;0.041;0.042;0.043;0.047;0.049;0.052;0.058;0.063;0.067;0.069;0.071;0.073;0.074;0.074;0.076;0.075;
C04;Sample X27;1.892;2.539;3.063;3.163;3.465;overflow;overflow;3.371;3.390;3.326;3.274;2.864;2.345;1.444;0.964;0.668;0.396;0.293;0.247;0.222;0.203;0.183;0.171;0.158;0.149;0.141;0.137;0.134;0.129;0.124;0.118;0.112;0.112;0.115;0.119;0.126;0.135;0.144;0.155;0.164;0.173;0.179;0.185;0.186;0.184;0.179;0.174;0.165;0.152;0.136;0.118;0.099;0.082;0.064;0.054;0.047;0.042;0.038;0.036;0.034;0.033;0.032;0.031;0.031;0.031;0.031;0.032;0.032;0.032;0.033;0.032;0.032;0.033;0.033;0.033;0.033;0.033;0.033;0.033;0.033;0.033;0.033;0.033;0.032;0.032;0.033;0.033;0.033;0.032;0.032;0.033;0.032;0.032;0.033;0.032;0.033;0.032;0.033;0.033;0.033;0.033;0.034;0.034;0.035;0.035;0.035;0.035;0.035;0.035;0.034;0.035;0.035;0.034;0.034;0.034;0.034;0.035;0.035;0.034;0.035;0.034;0.034;0.034;0.035;0.036;0.036;0.036;0.038;0.038;0.040;0.042;0.042;0.042;0.042;0.047;0.049;0.048;0.044;0.041;0.041;0.042;0.043;0.045;0.046;0.050;0.051;0.055;0.061;0.065;0.068;0.073;0.074;0.077;0.079;0.077;0.080;0.078;
C05;Sample X35;1.989;2.368;2.848;3.122;3.468;overflow;3.365;overflow;3.416;3.355;3.222;2.859;2.310;1.430;0.960;0.672;0.408;0.309;0.264;0.241;0.223;0.206;0.196;0.184;0.178;0.174;0.171;0.170;0.168;0.166;0.162;0.161;0.163;0.169;0.177;0.188;0.203;0.217;0.234;0.250;0.265;0.276;0.285;0.286;0.282;0.275;0.265;0.251;0.229;0.202;0.172;0.142;0.114;0.089;0.072;0.060;0.051;0.045;0.041;0.038;0.037;0.036;0.034;0.035;0.034;0.034;0.035;0.034;0.034;0.035;0.034;0.034;0.034;0.034;0.034;0.035;0.035;0.034;0.034;0.034;0.034;0.034;0.034;0.034;0.034;0.034;0.034;0.034;0.034;0.033;0.034;0.033;0.033;0.034;0.034;0.034;0.034;0.034;0.034;0.034;0.034;0.035;0.035;0.036;0.036;0.036;0.036;0.036;0.036;0.035;0.037;0.037;0.036;0.037;0.036;0.037;0.037;0.037;0.036;0.036;0.036;0.035;0.036;0.037;0.037;0.038;0.039;0.040;0.040;0.042;0.043;0.044;0.043;0.043;0.048;0.050;0.050;0.044;0.042;0.042;0.042;0.044;0.045;0.046;0.050;0.052;0.055;0.060;0.066;0.069;0.072;0.074;0.076;0.078;0.077;0.080;0.079;
C06;Sample X43;1.878;2.410;2.858;3.160;overflow;overflow;3.376;overflow;overflow;3.314;3.162;2.825;2.307;1.405;0.931;0.641;0.376;0.274;0.228;0.204;0.184;0.164;0.152;0.139;0.128;0.120;0.115;0.110;0.106;0.101;0.094;0.090;0.089;0.090;0.092;0.097;0.102;0.108;0.115;0.122;0.128;0.134;0.138;0.139;0.138;0.135;0.132;0.126;0.117;0.106;0.093;0.081;0.069;0.057;0.050;0.044;0.041;0.038;0.036;0.035;0.034;0.034;0.033;0.033;0.034;0.033;0.034;0.034;0.034;0.034;0.035;0.034;0.034;0.034;0.035;0.036;0.035;0.035;0.035;0.035;0.034;0.035;0.034;0.034;0.034;0.034;0.035;0.034;0.034;0.034;0.035;0.034;0.034;0.034;0.034;0.035;0.035;0.035;0.035;0.036;0.036;0.036;0.037;0.036;0.037;0.037;0.038;0.037;0.038;0.037;0.038;0.038;0.038;0.038;0.037;0.038;0.038;0.038;0.037;0.038;0.037;0.036;0.036;0.037;0.038;0.039;0.038;0.040;0.040;0.042;0.044;0.044;0.044;0.043;0.048;0.050;0.050;0.045;0.043;0.042;0.043;0.044;0.046;0.048;0.051;0.052;0.056;0.061;0.066;0.070;0.074;0.076;0.078;0.080;0.078;0.082;0.080;
C07;Sample X51;1.911;2.359;3.018;3.104;3.470;3.384;overflow;overflow;overflow;3.403;3.105;2.945;2.365;1.472;0.993;0.701;0.434;0.334;0.288;0.265;0.247;0.231;0.222;0.214;0.210;0.210;0.212;0.216;0.218;0.220;0.222;0.226;0.234;0.249;0.266;0.288;0.316;0.346;0.375;0.405;0.434;0.456;0.473;0.475;0.468;0.456;0.440;0.416;0.377;0.326;0.273;0.220;0.170;0.125;0.097;0.076;0.061;0.050;0.043;0.038;0.036;0.034;0.032;0.032;0.032;0.032;0.032;0.032;0.033;0.032;0.032;0.032;0.032;0.032;0.032;0.033;0.032;0.032;0.032;0.032;0.032;0.032;0.032;0.031;0.032;0.031;0.032;0.031;0.031;0.031;0.032;0.031;0.031;0.031;0.031;0.032;0.031;0.031;0.032;0.032;0.032;0.033;0.033;0.034;0.034;0.033;0.034;0.034;0.034;0.033;0.034;0.034;0.034;0.034;0.034;0.034;0.034;0.034;0.034;0.034;0.033;0.033;0.033;0.034;0.035;0.035;0.036;0.037;0.037;0.039;0.040;0.041;0.041;0.040;0.045;0.047;0.047;0.042;0.040;0.039;0.040;0.040;0.042;0.044;0.048;0.049;0.053;0.058;0.062;0.066;0.069;0.072;0.074;0.075;0.074;0.077;0.076;
C08;Sample X59;1.950;2.654;2.913;3.047;3.338;overflow;overflow;3.399;3.409;3.314;3.209;2.891;2.318;1.429;0.952;0.660;0.392;0.291;0.244;0.221;0.201;0.182;0.170;0.158;0.148;0.141;0.138;0.134;0.130;0.126;0.121;0.117;0.116;0.120;0.124;0.130;0.139;0.148;0.158;0.168;0.176;0.183;0.189;0.190;0.188;0.183;0.177;0.168;0.155;0.138;0.120;0.101;0.083;0.066;0.056;0.048;0.043;0.038;0.036;0.034;0.033;0.032;0.031;0.032;0.031;0.032;0.032;0.032;0.033;0.033;0.033;0.033;0.033;0.033;0.033;0.034;0.033;0.033;0.033;0.033;0.033;0.033;0.032;0.032;0.033;0.032;0.032;0.032;0.032;0.032;0.033;0.032;0.031;0.032;0.032;0.032;0.032;0.032;0.033;0.033;0.033;0.033;0.034;0.034;0.034;0.034;0.034;0.034;0.034;0.034;0.034;0.034;0.034;0.034;0.034;0.034;0.034;0.034;0.034;0.034;0.033;0.033;0.033;0.035;0.035;0.035;0.036;0.038;0.037;0.039;0.040;0.041;0.041;0.041;0.045;0.048;0.048;0.043;0.040;0.040;0.040;0.042;0.043;0.045;0.048;0.050;0.054;0.058;0.063;0.068;0.071;0.072;0.075;0.077;0.076;0.078;0.076;
C09;Sample X67;1.806;2.560;3.058;3.076;3.335;3.470;overflow;3.443;3.346;3.268;3.149;2.862;2.330;1.445;0.964;0.667;0.396;0.294;0.247;0.223;0.204;0.184;0.171;0.160;0.151;0.144;0.141;0.138;0.134;0.131;0.126;0.122;0.121;0.126;0.130;0.137;0.147;0.159;0.170;0.181;0.192;0.200;0.206;0.208;0.205;0.200;0.194;0.184;0.170;0.151;0.130;0.109;0.090;0.070;0.059;0.050;0.044;0.039;0.037;0.034;0.033;0.033;0.031;0.032;0.032;0.032;0.032;0.032;0.033;0.033;0.033;0.032;0.033;0.033;0.033;0.034;0.034;0.034;0.034;0.034;0.034;0.034;0.033;0.034;0.033;0.034;0.034;0.034;0.033;0.033;0.034;0.033;0.033;0.034;0.033;0.034;0.033;0.034;0.034;0.035;0.035;0.035;0.036;0.036;0.036;0.036;0.036;0.036;0.036;0.036;0.036;0.036;0.036;0.036;0.035;0.036;0.036;0.036;0.035;0.036;0.036;0.035;0.035;0.036;0.037;0.038;0.038;0.040;0.039;0.042;0.043;0.044;0.043;0.043;0.048;0.050;0.050;0.045;0.043;0.043;0.043;0.044;0.046;0.047;0.052;0.053;0.056;0.062;0.066;0.070;0.074;0.076;0.078;0.081;0.078;0.083;0.081;
C10;Sample X75;1.756;2.465;2.822;2.972;3.355;3.494;3.391;overflow;3.409;3.347;3.125;2.911;2.409;1.502;1.012;0.706;0.428;0.323;0.276;0.254;0.234;0.216;0.205;0.194;0.188;0.183;0.182;0.181;0.178;0.176;0.172;0.170;0.172;0.180;0.189;0.202;0.218;0.234;0.252;0.270;0.286;0.299;0.308;0.310;0.305;0.297;0.287;0.270;0.247;0.216;0.184;0.152;0.121;0.092;0.074;0.061;0.052;0.045;0.041;0.038;0.036;0.035;0.033;0.034;0.033;0.034;0.034;0.034;0.034;0.034;0.034;0.034;0.034;0.034;0.034;0.035;0.035;0.034;0.034;0.034;0.034;0.034;0.034;0.034;0.034;0.034;0.034;0.034;0.033;0.033;0.034;0.034;0.033;0.033;0.034;0.034;0.034;0.034;0.034;0.034;0.034;0.035;0.036;0.035;0.036;0.036;0.037;0.037;0.037;0.036;0.037;0.037;0.037;0.037;0.036;0.037;0.038;0.037;0.037;0.037;0.037;0.036;0.035;0.036;0.038;0.039;0.039;0.040;0.040;0.042;0.043;0.044;0.044;0.042;0.048;0.049;0.049;0.044;0.042;0.042;0.042;0.043;0.045;0.046;0.050;0.051;0.055;0.062;0.066;0.069;0.072;0.075;0.077;0.080;0.077;0.081;0.080;
C11;Sample X83;1.913;2.507;3.257;3.161;3.305;overflow;overflow;overflow;3.355;3.421;3.240;2.961;2.449;1.548;1.046;0.736;0.454;0.348;0.300;0.277;0.259;0.242;0.234;0.224;0.219;0.218;0.219;0.221;0.221;0.221;0.220;0.221;0.226;0.238;0.252;0.271;0.294;0.318;0.344;0.370;0.393;0.412;0.426;0.428;0.421;0.410;0.396;0.372;0.338;0.294;0.248;0.200;0.156;0.116;0.091;0.072;0.058;0.048;0.042;0.038;0.036;0.034;0.033;0.032;0.033;0.032;0.033;0.033;0.033;0.033;0.033;0.033;0.033;0.033;0.033;0.033;0.033;0.033;0.033;0.033;0.032;0.033;0.032;0.032;0.032;0.032;0.032;0.032;0.032;0.032;0.032;0.031;0.031;0.032;0.031;0.032;0.032;0.032;0.032;0.033;0.033;0.034;0.034;0.034;0.034;0.034;0.035;0.034;0.034;0.033;0.034;0.034;0.034;0.034;0.033;0.034;0.034;0.033;0.033;0.033;0.033;0.032;0.032;0.033;0.034;0.035;0.036;0.037;0.038;0.040;0.041;0.042;0.041;0.041;0.046;0.048;0.047;0.043;0.041;0.040;0.040;0.043;0.044;0.045;0.049;0.050;0.054;0.060;0.064;0.069;0.072;0.073;0.075;0.078;0.076;0.078;0.078;
C12;Sample X91;2.219;3.034;3.180;overflow;overflow;overflow;overflow;overflow;overflow;overflow;3.278;2.982;2.491;1.573;1.064;0.749;0.464;0.356;0.306;0.282;0.263;0.245;0.235;0.226;0.221;0.220;0.222;0.223;0.224;0.224;0.221;0.222;0.228;0.240;0.255;0.274;0.298;0.324;0.351;0.378;0.403;0.423;0.438;0.440;0.434;0.423;0.408;0.384;0.349;0.304;0.256;0.207;0.162;0.121;0.094;0.075;0.060;0.050;0.044;0.040;0.038;0.036;0.035;0.034;0.034;0.034;0.034;0.034;0.034;0.034;0.034;0.034;0.034;0.034;0.034;0.035;0.035;0.035;0.034;0.034;0.034;0.034;0.034;0.034;0.034;0.034;0.034;0.034;0.034;0.034;0.034;0.034;0.034;0.034;0.034;0.034;0.035;0.035;0.035;0.036;0.036;0.036;0.037;0.037;0.037;0.037;0.038;0.038;0.038;0.037;0.038;0.038;0.038;0.038;0.037;0.038;0.038;0.038;0.036;0.037;0.037;0.036;0.035;0.037;0.037;0.039;0.040;0.041;0.040;0.042;0.043;0.044;0.044;0.043;0.048;0.050;0.050;0.046;0.043;0.042;0.043;0.045;0.047;0.047;0.051;0.053;0.057;0.063;0.067;0.070;0.074;0.076;0.079;0.081;0.079;0.082;0.082;
D01;Sample X4;2.047;2.872;3.025;overflow;overflow;overflow;overflow;overflow;overflow;overflow;3.262;2.928;2.485;1.571;1.055;0.727;0.430;0.316;0.264;0.237;0.213;0.191;0.176;0.161;0.150;0.141;0.136;0.131;0.125;0.119;0.109;0.101;0.099;0.101;0.104;0.109;0.116;0.123;0.131;0.140;0.147;0.152;0.158;0.159;0.158;0.154;0.150;0.143;0.133;0.120;0.105;0.090;0.076;0.062;0.053;0.047;0.042;0.039;0.037;0.035;0.035;0.034;0.033;0.034;0.034;0.034;0.034;0.034;0.035;0.035;0.035;0.034;0.035;0.035;0.035;0.035;0.036;0.036;0.035;0.035;0.035;0.035;0.035;0.034;0.035;0.035;0.035;0.034;0.034;0.034;0.035;0.034;0.034;0.034;0.034;0.035;0.034;0.034;0.035;0.035;0.035;0.035;0.036;0.036;0.037;0.036;0.036;0.036;0.036;0.036;0.036;0.037;0.036;0.036;0.036;0.036;0.037;0.036;0.036;0.036;0.036;0.036;0.035;0.037;0.037;0.038;0.039;0.040;0.041;0.042;0.044;0.044;0.044;0.043;0.048;0.050;0.050;0.045;0.043;0.043;0.043;0.044;0.046;0.047;0.051;0.053;0.056;0.061;0.066;0.070;0.073;0.076;0.078;0.080;0.078;0.081;0.079;
D02;Sample X12;2.136;2.604;3.154;3.103;overflow;overflow;overflow;overflow;3.405;overflow;3.219;2.877;2.387;1.477;0.981;0.673;0.390;0.282;0.234;0.208;0.186;0.164;0.149;0.134;0.122;0.112;0.106;0.099;0.091;0.084;0.075;0.066;0.062;0.061;0.060;0.060;0.062;0.064;0.066;0.069;0.070;0.072;0.073;0.073;0.072;0.071;0.070;0.067;0.063;0.060;0.055;0.050;0.045;0.039;0.037;0.035;0.034;0.033;0.032;0.032;0.032;0.031;0.030;0.030;0.031;0.031;0.032;0.032;0.032;0.032;0.032;0.032;0.032;0.032;0.032;0.032;0.032;0.032;0.032;0.032;0.032;0.032;0.032;0.032;0.032;0.032;0.032;0.031;0.031;0.031;0.032;0.031;0.031;0.032;0.031;0.032;0.031;0.031;0.032;0.033;0.033;0.033;0.034;0.034;0.034;0.034;0.034;0.034;0.034;0.034;0.034;0.034;0.035;0.034;0.034;0.035;0.034;0.034;0.034;0.033;0.033;0.033;0.032;0.034;0.034;0.034;0.035;0.036;0.036;0.038;0.039;0.040;0.040;0.040;0.044;0.047;0.046;0.042;0.039;0.040;0.039;0.041;0.042;0.044;0.048;0.050;0.053;0.058;0.063;0.066;0.070;0.072;0.074;0.076;0.074;0.077;0.076;
D03;Sample X20;2.326;3.068;3.284;3.377;overflow;overflow;overflow;overflow;overflow;3.410;3.207;2.913;2.386;1.484;0.989;0.679;0.396;0.288;0.240;0.214;0.192;0.171;0.156;0.142;0.130;0.120;0.113;0.108;0.101;0.094;0.085;0.077;0.074;0.074;0.073;0.075;0.079;0.082;0.086;0.090;0.093;0.096;0.099;0.099;0.098;0.096;0.093;0.090;0.084;0.077;0.069;0.062;0.054;0.045;0.041;0.038;0.036;0.034;0.033;0.032;0.032;0.031;0.030;0.031;0.031;0.031;0.032;0.032;0.032;0.032;0.032;0.032;0.032;0.032;0.032;0.033;0.033;0.032;0.032;0.033;0.032;0.032;0.032;0.032;0.032;0.032;0.032;0.032;0.031;0.032;0.032;0.032;0.031;0.032;0.032;0.032;0.031;0.032;0.033;0.033;0.033;0.034;0.034;0.034;0.035;0.034;0.034;0.035;0.035;0.034;0.035;0.035;0.034;0.034;0.034;0.035;0.034;0.034;0.034;0.034;0.034;0.034;0.034;0.034;0.035;0.035;0.036;0.037;0.037;0.039;0.040;0.041;0.041;0.041;0.045;0.048;0.047;0.042;0.040;0.040;0.040;0.041;0.042;0.045;0.048;0.051;0.054;0.059;0.063;0.067;0.071;0.072;0.075;0.076;0.076;0.078;0.078;
D04;Sample X28;2.008;overflow;3.194;overflow;overflow;overflow;overflow;overflow;overflow;3.405;3.223;2.904;2.346;1.434;0.954;0.654;0.380;0.276;0.228;0.204;0.183;0.161;0.147;0.132;0.120;0.110;0.104;0.098;0.091;0.084;0.077;0.069;0.066;0.066;0.065;0.067;0.069;0.072;0.076;0.079;0.081;0.083;0.085;0.086;0.085;0.083;0.082;0.078;0.074;0.069;0.063;0.057;0.051;0.043;0.040;0.038;0.037;0.036;0.035;0.034;0.034;0.033;0.032;0.032;0.032;0.033;0.034;0.034;0.034;0.034;0.034;0.034;0.034;0.034;0.034;0.034;0.034;0.034;0.034;0.034;0.034;0.034;0.034;0.034;0.034;0.034;0.034;0.034;0.033;0.034;0.034;0.033;0.033;0.034;0.034;0.034;0.034;0.034;0.035;0.035;0.035;0.036;0.036;0.036;0.037;0.036;0.037;0.037;0.037;0.037;0.037;0.037;0.037;0.037;0.037;0.038;0.037;0.037;0.036;0.037;0.037;0.036;0.036;0.038;0.038;0.038;0.039;0.040;0.040;0.042;0.043;0.044;0.045;0.044;0.048;0.051;0.050;0.045;0.043;0.043;0.043;0.044;0.046;0.047;0.052;0.053;0.057;0.062;0.066;0.070;0.074;0.076;0.078;0.080;0.078;0.082;0.079;
D05;Sample X36;2.078;2.393;3.180;3.327;overflow;overflow;3.456;overflow;overflow;overflow;3.170;2.883;2.363;1.464;0.981;0.685;0.415;0.312;0.267;0.243;0.225;0.206;0.196;0.186;0.180;0.176;0.175;0.175;0.173;0.172;0.170;0.169;0.172;0.181;0.190;0.204;0.221;0.240;0.258;0.278;0.296;0.311;0.322;0.324;0.320;0.312;0.302;0.285;0.260;0.228;0.194;0.159;0.126;0.096;0.076;0.062;0.051;0.044;0.039;0.036;0.034;0.032;0.031;0.031;0.031;0.031;0.031;0.031;0.031;0.031;0.031;0.031;0.031;0.031;0.032;0.032;0.032;0.032;0.031;0.032;0.031;0.031;0.031;0.032;0.032;0.032;0.032;0.032;0.031;0.031;0.032;0.031;0.031;0.031;0.031;0.032;0.031;0.032;0.032;0.032;0.033;0.033;0.034;0.034;0.034;0.034;0.034;0.034;0.035;0.034;0.035;0.035;0.035;0.035;0.035;0.035;0.035;0.034;0.034;0.034;0.034;0.034;0.034;0.035;0.035;0.036;0.036;0.037;0.038;0.039;0.041;0.041;0.041;0.040;0.045;0.048;0.047;0.042;0.040;0.040;0.040;0.041;0.042;0.044;0.047;0.049;0.054;0.058;0.062;0.066;0.070;0.071;0.074;0.075;0.075;0.077;0.076;
D06;Sample X44;1.895;2.605;3.161;3.109;overflow;overflow;overflow;overflow;overflow;3.490;3.167;2.877;2.328;1.433;0.951;0.654;0.385;0.283;0.237;0.214;0.193;0.175;0.162;0.150;0.141;0.132;0.129;0.125;0.120;0.116;0.112;0.108;0.107;0.110;0.113;0.120;0.128;0.136;0.146;0.155;0.163;0.170;0.176;0.177;0.175;0.171;0.166;0.158;0.146;0.130;0.113;0.096;0.078;0.061;0.052;0.046;0.040;0.036;0.034;0.032;0.031;0.029;0.028;0.028;0.028;0.029;0.030;0.030;0.030;0.029;0.029;0.029;0.029;0.030;0.029;0.029;0.030;0.029;0.028;0.029;0.029;0.029;0.029;0.028;0.028;0.029;0.029;0.028;0.028;0.028;0.028;0.028;0.027;0.028;0.028;0.028;0.028;0.028;0.028;0.029;0.030;0.030;0.030;0.031;0.030;0.030;0.031;0.030;0.031;0.031;0.031;0.030;0.030;0.030;0.030;0.030;0.030;0.030;0.030;0.029;0.029;0.029;0.029;0.030;0.030;0.031;0.031;0.032;0.033;0.035;0.035;0.036;0.036;0.036;0.041;0.044;0.043;0.039;0.036;0.036;0.036;0.038;0.039;0.041;0.044;0.046;0.051;0.055;0.060;0.064;0.066;0.068;0.070;0.072;0.072;0.073;0.072;
D07;Sample X52;1.908;2.579;3.101;2.994;3.419;overflow;3.407;overflow;overflow;3.429;3.201;2.878;2.357;1.446;0.967;0.672;0.402;0.300;0.254;0.230;0.211;0.193;0.181;0.170;0.162;0.157;0.155;0.153;0.150;0.148;0.144;0.142;0.143;0.149;0.156;0.166;0.180;0.194;0.208;0.224;0.237;0.248;0.257;0.258;0.255;0.249;0.240;0.228;0.209;0.184;0.158;0.130;0.105;0.080;0.066;0.055;0.047;0.041;0.037;0.035;0.034;0.033;0.031;0.032;0.031;0.032;0.032;0.032;0.032;0.032;0.032;0.032;0.032;0.032;0.032;0.033;0.033;0.032;0.032;0.033;0.032;0.032;0.032;0.032;0.032;0.032;0.032;0.032;0.031;0.032;0.032;0.031;0.031;0.032;0.031;0.032;0.031;0.032;0.032;0.033;0.033;0.033;0.034;0.034;0.034;0.034;0.034;0.034;0.034;0.033;0.035;0.034;0.034;0.034;0.034;0.034;0.034;0.034;0.033;0.033;0.033;0.032;0.032;0.034;0.034;0.035;0.036;0.036;0.037;0.039;0.040;0.041;0.040;0.040;0.045;0.047;0.047;0.042;0.040;0.039;0.039;0.041;0.042;0.044;0.047;0.048;0.053;0.058;0.062;0.066;0.070;0.071;0.074;0.075;0.075;0.077;0.076;
D08;Sample X60;1.680;2.430;3.067;3.104;3.482;overflow;3.347;overflow;3.447;3.231;3.121;2.883;2.330;1.457;0.971;0.669;0.392;0.287;0.240;0.215;0.195;0.175;0.161;0.148;0.137;0.129;0.124;0.120;0.115;0.110;0.104;0.099;0.098;0.100;0.103;0.107;0.115;0.122;0.130;0.138;0.145;0.150;0.156;0.157;0.155;0.151;0.147;0.140;0.129;0.117;0.102;0.087;0.073;0.059;0.050;0.045;0.040;0.037;0.035;0.034;0.033;0.032;0.031;0.031;0.031;0.032;0.032;0.032;0.032;0.032;0.032;0.032;0.032;0.032;0.032;0.032;0.032;0.032;0.032;0.032;0.032;0.032;0.032;0.032;0.032;0.032;0.032;0.032;0.031;0.031;0.032;0.031;0.031;0.031;0.031;0.031;0.031;0.032;0.032;0.032;0.032;0.033;0.034;0.034;0.034;0.034;0.034;0.034;0.034;0.034;0.034;0.034;0.034;0.034;0.034;0.034;0.034;0.034;0.034;0.034;0.034;0.034;0.033;0.035;0.035;0.036;0.036;0.037;0.038;0.040;0.041;0.041;0.041;0.040;0.045;0.048;0.047;0.042;0.040;0.040;0.040;0.041;0.043;0.045;0.048;0.049;0.054;0.059;0.062;0.066;0.070;0.071;0.073;0.075;0.075;0.077;0.075;
D09;Sample X68;1.922;2.613;2.979;3.027;3.340;3.337;3.348;3.414;3.363;3.348;3.043;2.863;2.333;1.450;0.970;0.674;0.403;0.301;0.254;0.231;0.211;0.192;0.179;0.167;0.159;0.152;0.151;0.147;0.144;0.140;0.136;0.133;0.134;0.139;0.145;0.155;0.168;0.180;0.194;0.207;0.220;0.230;0.238;0.240;0.237;0.231;0.224;0.212;0.195;0.172;0.148;0.122;0.098;0.076;0.062;0.053;0.045;0.040;0.037;0.034;0.033;0.032;0.030;0.030;0.031;0.031;0.032;0.032;0.032;0.032;0.032;0.032;0.032;0.032;0.032;0.032;0.032;0.032;0.032;0.033;0.032;0.032;0.032;0.032;0.032;0.032;0.032;0.031;0.031;0.031;0.031;0.031;0.031;0.031;0.031;0.031;0.031;0.031;0.032;0.032;0.032;0.033;0.033;0.034;0.033;0.033;0.034;0.034;0.034;0.033;0.034;0.034;0.034;0.034;0.033;0.034;0.034;0.033;0.033;0.033;0.034;0.033;0.033;0.034;0.035;0.035;0.036;0.037;0.037;0.039;0.040;0.041;0.042;0.041;0.045;0.048;0.047;0.043;0.040;0.041;0.040;0.042;0.042;0.044;0.048;0.049;0.053;0.059;0.062;0.067;0.070;0.072;0.074;0.076;0.075;0.077;0.075;
D10;Sample X76;1.845;2.686;3.173;3.041;3.485;overflow;3.429;overflow;3.377;3.314;3.166;2.896;2.344;1.456;0.968;0.668;0.393;0.290;0.242;0.219;0.198;0.179;0.166;0.152;0.143;0.136;0.132;0.129;0.124;0.119;0.114;0.108;0.107;0.110;0.113;0.120;0.129;0.138;0.148;0.158;0.167;0.174;0.181;0.183;0.181;0.177;0.172;0.163;0.151;0.136;0.118;0.100;0.082;0.065;0.054;0.047;0.041;0.037;0.034;0.033;0.032;0.031;0.030;0.030;0.030;0.031;0.031;0.031;0.032;0.032;0.032;0.032;0.032;0.032;0.032;0.032;0.033;0.032;0.032;0.032;0.032;0.032;0.032;0.032;0.032;0.032;0.032;0.032;0.031;0.031;0.032;0.032;0.031;0.032;0.032;0.032;0.032;0.032;0.033;0.033;0.033;0.034;0.034;0.034;0.035;0.035;0.035;0.035;0.035;0.035;0.036;0.035;0.035;0.035;0.034;0.036;0.035;0.035;0.034;0.034;0.034;0.034;0.034;0.035;0.036;0.036;0.037;0.038;0.037;0.040;0.041;0.042;0.042;0.041;0.046;0.048;0.048;0.043;0.040;0.041;0.040;0.042;0.044;0.045;0.049;0.050;0.054;0.060;0.064;0.068;0.072;0.074;0.076;0.078;0.077;0.079;0.078;
D11;Sample X84;1.776;2.656;3.299;3.078;overflow;overflow;3.479;overflow;overflow;3.389;3.318;2.921;2.430;1.533;1.042;0.738;0.462;0.358;0.312;0.289;0.272;0.256;0.248;0.240;0.238;0.237;0.241;0.243;0.245;0.246;0.246;0.248;0.256;0.270;0.286;0.308;0.336;0.364;0.394;0.424;0.452;0.474;0.490;0.493;0.485;0.473;0.455;0.428;0.388;0.337;0.282;0.228;0.177;0.130;0.101;0.079;0.063;0.052;0.044;0.039;0.037;0.035;0.033;0.033;0.032;0.032;0.032;0.032;0.033;0.033;0.032;0.032;0.033;0.032;0.033;0.033;0.033;0.033;0.032;0.032;0.032;0.032;0.032;0.032;0.032;0.032;0.032;0.032;0.032;0.032;0.032;0.031;0.031;0.032;0.032;0.032;0.031;0.032;0.032;0.033;0.032;0.033;0.034;0.034;0.034;0.034;0.034;0.034;0.034;0.033;0.035;0.035;0.034;0.034;0.033;0.035;0.035;0.034;0.034;0.034;0.034;0.033;0.033;0.034;0.035;0.036;0.037;0.038;0.038;0.040;0.041;0.042;0.041;0.040;0.045;0.048;0.047;0.042;0.041;0.040;0.040;0.042;0.043;0.044;0.048;0.049;0.053;0.059;0.063;0.067;0.070;0.071;0.074;0.076;0.075;0.078;0.076;
D12;Sample X92;2.004;2.796;3.035;3.270;overflow;overflow;overflow;overflow;overflow;3.464;3.308;3.044;2.534;1.642;1.121;0.791;0.494;0.382;0.331;0.306;0.287;0.268;0.259;0.251;0.248;0.248;0.251;0.255;0.258;0.260;0.260;0.262;0.270;0.285;0.304;0.329;0.359;0.391;0.423;0.456;0.488;0.512;0.528;0.530;0.522;0.508;0.489;0.460;0.415;0.358;0.298;0.239;0.184;0.136;0.104;0.081;0.064;0.052;0.045;0.039;0.037;0.035;0.033;0.033;0.033;0.033;0.033;0.033;0.033;0.033;0.033;0.033;0.033;0.033;0.033;0.034;0.034;0.033;0.033;0.034;0.033;0.034;0.033;0.033;0.033;0.033;0.033;0.033;0.033;0.032;0.033;0.032;0.032;0.033;0.033;0.033;0.033;0.033;0.033;0.034;0.034;0.034;0.035;0.035;0.035;0.035;0.035;0.035;0.036;0.035;0.036;0.035;0.035;0.035;0.034;0.035;0.035;0.035;0.034;0.034;0.034;0.034;0.033;0.035;0.035;0.036;0.036;0.038;0.038;0.040;0.042;0.043;0.043;0.042;0.047;0.049;0.048;0.044;0.042;0.042;0.042;0.043;0.045;0.046;0.050;0.052;0.056;0.062;0.065;0.069;0.073;0.074;0.077;0.079;0.077;0.080;0.078;
E01;Sample X5;1.847;2.466;3.016;3.432;3.498;overflow;overflow;overflow;overflow;3.342;3.161;2.910;2.461;1.547;1.035;0.712;0.416;0.304;0.254;0.228;0.206;0.184;0.168;0.154;0.142;0.132;0.126;0.120;0.113;0.106;0.097;0.086;0.083;0.083;0.083;0.086;0.090;0.094;0.099;0.103;0.107;0.111;0.114;0.115;0.114;0.111;0.108;0.104;0.097;0.089;0.079;0.070;0.060;0.050;0.045;0.041;0.039;0.036;0.035;0.034;0.034;0.034;0.033;0.033;0.034;0.034;0.034;0.034;0.035;0.035;0.035;0.035;0.035;0.036;0.036;0.036;0.036;0.036;0.036;0.036;0.036;0.037;0.036;0.036;0.036;0.036;0.037;0.036;0.036;0.036;0.036;0.036;0.036;0.036;0.037;0.037;0.037;0.037;0.037;0.038;0.038;0.039;0.040;0.040;0.040;0.040;0.041;0.040;0.041;0.041;0.042;0.041;0.041;0.041;0.040;0.042;0.042;0.041;0.040;0.040;0.042;0.040;0.040;0.042;0.042;0.043;0.043;0.045;0.044;0.047;0.048;0.049;0.050;0.049;0.053;0.056;0.055;0.052;0.049;0.048;0.048;0.050;0.052;0.053;0.057;0.058;0.063;0.069;0.074;0.078;0.081;0.084;0.086;0.089;0.086;0.091;0.090;
E02;Sample X13;1.976;2.583;3.116;3.200;overflow;overflow;overflow;overflow;overflow;3.349;3.167;2.931;2.396;1.494;0.996;0.684;0.399;0.290;0.241;0.214;0.193;0.171;0.156;0.141;0.129;0.119;0.113;0.108;0.100;0.094;0.086;0.077;0.074;0.074;0.074;0.077;0.082;0.086;0.091;0.096;0.100;0.103;0.107;0.107;0.107;0.105;0.102;0.098;0.092;0.085;0.076;0.067;0.058;0.048;0.043;0.040;0.038;0.036;0.035;0.034;0.033;0.033;0.032;0.032;0.032;0.032;0.033;0.033;0.033;0.034;0.034;0.033;0.033;0.034;0.034;0.034;0.034;0.034;0.033;0.034;0.034;0.034;0.033;0.033;0.033;0.033;0.033;0.033;0.033;0.033;0.033;0.033;0.032;0.033;0.033;0.033;0.033;0.033;0.034;0.034;0.034;0.035;0.036;0.035;0.036;0.035;0.036;0.036;0.036;0.035;0.036;0.036;0.035;0.036;0.035;0.036;0.035;0.035;0.035;0.035;0.036;0.034;0.034;0.036;0.036;0.037;0.038;0.038;0.039;0.042;0.043;0.043;0.044;0.043;0.048;0.050;0.050;0.045;0.043;0.042;0.043;0.044;0.046;0.047;0.051;0.052;0.056;0.062;0.067;0.070;0.074;0.076;0.078;0.081;0.078;0.082;0.080;
E03;Sample X21;1.804;2.645;2.967;2.964;3.362;3.390;3.381;3.396;3.405;3.196;3.134;2.885;2.358;1.480;0.994;0.689;0.410;0.305;0.258;0.233;0.212;0.192;0.179;0.166;0.156;0.149;0.144;0.141;0.135;0.130;0.124;0.117;0.116;0.120;0.123;0.129;0.138;0.148;0.157;0.166;0.175;0.182;0.188;0.189;0.186;0.182;0.175;0.167;0.153;0.137;0.119;0.100;0.082;0.065;0.055;0.048;0.043;0.039;0.036;0.034;0.034;0.033;0.031;0.031;0.031;0.031;0.032;0.032;0.032;0.033;0.032;0.032;0.032;0.032;0.032;0.033;0.033;0.032;0.032;0.032;0.032;0.032;0.032;0.032;0.032;0.031;0.032;0.031;0.031;0.031;0.032;0.031;0.031;0.032;0.031;0.032;0.031;0.032;0.032;0.032;0.032;0.033;0.034;0.034;0.034;0.033;0.034;0.034;0.034;0.034;0.034;0.034;0.034;0.033;0.033;0.034;0.033;0.033;0.033;0.033;0.033;0.032;0.032;0.033;0.034;0.034;0.035;0.036;0.036;0.039;0.040;0.041;0.040;0.040;0.044;0.047;0.046;0.042;0.039;0.039;0.039;0.041;0.042;0.044;0.048;0.048;0.053;0.058;0.063;0.066;0.070;0.071;0.074;0.075;0.074;0.077;0.076;
E04;Sample X29;1.870;2.670;2.941;3.130;3.303;overflow;3.435;overflow;overflow;3.317;3.122;2.837;2.327;1.444;0.963;0.665;0.393;0.290;0.243;0.218;0.198;0.178;0.166;0.152;0.142;0.135;0.131;0.126;0.122;0.117;0.111;0.105;0.103;0.106;0.109;0.115;0.122;0.131;0.140;0.148;0.156;0.163;0.168;0.169;0.168;0.163;0.159;0.151;0.139;0.125;0.109;0.093;0.077;0.062;0.052;0.046;0.041;0.037;0.035;0.034;0.033;0.032;0.031;0.031;0.031;0.032;0.032;0.032;0.032;0.032;0.032;0.032;0.032;0.033;0.032;0.033;0.033;0.033;0.032;0.033;0.032;0.033;0.032;0.032;0.032;0.032;0.033;0.032;0.032;0.032;0.032;0.032;0.031;0.032;0.032;0.032;0.032;0.033;0.033;0.033;0.033;0.034;0.035;0.035;0.035;0.035;0.036;0.036;0.035;0.035;0.036;0.035;0.035;0.035;0.035;0.036;0.035;0.035;0.034;0.035;0.034;0.034;0.033;0.035;0.035;0.036;0.036;0.037;0.038;0.039;0.041;0.041;0.042;0.040;0.046;0.048;0.047;0.042;0.040;0.040;0.040;0.042;0.043;0.045;0.048;0.049;0.054;0.058;0.064;0.067;0.071;0.073;0.075;0.077;0.076;0.078;0.077;
E05;Sample X37;2.201;2.512;3.070;3.214;overflow;overflow;overflow;overflow;overflow;3.262;3.293;2.900;2.351;1.441;0.962;0.668;0.399;0.297;0.251;0.227;0.208;0.188;0.176;0.165;0.157;0.151;0.149;0.147;0.143;0.140;0.137;0.133;0.134;0.140;0.146;0.156;0.168;0.181;0.195;0.209;0.222;0.233;0.241;0.243;0.240;0.234;0.227;0.216;0.198;0.176;0.152;0.126;0.102;0.079;0.065;0.055;0.047;0.042;0.039;0.036;0.035;0.034;0.032;0.033;0.033;0.033;0.033;0.034;0.034;0.034;0.034;0.033;0.034;0.034;0.034;0.034;0.034;0.034;0.034;0.034;0.034;0.034;0.034;0.034;0.033;0.034;0.034;0.034;0.033;0.033;0.033;0.033;0.033;0.033;0.033;0.034;0.033;0.034;0.034;0.034;0.034;0.035;0.035;0.036;0.036;0.036;0.036;0.036;0.036;0.036;0.037;0.036;0.036;0.036;0.035;0.036;0.036;0.035;0.035;0.035;0.035;0.034;0.034;0.035;0.036;0.036;0.037;0.038;0.038;0.040;0.040;0.041;0.042;0.042;0.046;0.048;0.047;0.044;0.041;0.041;0.041;0.042;0.044;0.046;0.049;0.051;0.055;0.060;0.064;0.067;0.072;0.072;0.075;0.076;0.077;0.079;0.076;
E06;Sample X45;2.196;2.750;2.959;3.291;overflow;overflow;overflow;overflow;overflow;overflow;overflow;3.357;2.937;2.134;1.639;1.280;0.985;0.837;0.740;0.678;0.624;0.571;0.540;0.516;0.500;0.480;0.464;0.463;0.453;0.424;0.436;0.446;0.435;0.452;0.457;0.447;0.470;0.496;0.506;0.534;0.575;0.563;0.564;0.580;0.587;0.574;0.556;0.554;0.556;0.499;0.460;0.430;0.412;0.384;0.328;0.290;0.297;0.302;0.309;0.300;0.298;0.315;0.300;0.284;0.304;0.272;0.262;0.274;0.272;0.279;0.272;0.268;0.257;0.272;0.279;0.284;0.260;0.277;0.258;0.255;0.264;0.269;0.250;0.249;0.240;0.242;0.247;0.242;0.249;0.234;0.251;0.248;0.258;0.242;0.247;0.246;0.254;0.232;0.246;0.245;0.235;0.245;0.253;0.247;0.250;0.246;0.249;0.243;0.237;0.244;0.223;0.230;0.234;0.234;0.241;0.238;0.238;0.238;0.240;0.241;0.206;0.261;0.254;0.263;0.254;0.252;0.256;0.257;0.260;0.263;0.259;0.254;0.210;0.305;0.271;0.263;0.280;0.271;0.280;0.214;0.344;0.309;0.289;0.277;0.353;0.291;0.282;0.343;0.322;0.293;0.317;0.277;0.361;0.410;0.192;0.478;0.394;
E07;Sample X53;1.875;2.363;2.943;3.028;overflow;overflow;overflow;overflow;3.345;3.331;3.123;2.877;2.350;1.456;0.983;0.692;0.425;0.325;0.280;0.258;0.240;0.224;0.215;0.206;0.200;0.198;0.199;0.201;0.201;0.200;0.198;0.198;0.203;0.213;0.225;0.242;0.262;0.284;0.308;0.330;0.352;0.369;0.382;0.385;0.380;0.371;0.357;0.337;0.308;0.270;0.229;0.186;0.146;0.110;0.086;0.070;0.056;0.048;0.042;0.038;0.036;0.034;0.032;0.032;0.032;0.032;0.033;0.032;0.033;0.033;0.033;0.033;0.033;0.033;0.033;0.033;0.033;0.033;0.032;0.033;0.032;0.033;0.032;0.032;0.032;0.032;0.032;0.032;0.032;0.032;0.032;0.032;0.031;0.032;0.032;0.032;0.031;0.032;0.033;0.033;0.033;0.034;0.034;0.034;0.034;0.034;0.034;0.034;0.034;0.034;0.034;0.034;0.034;0.034;0.033;0.034;0.034;0.034;0.034;0.033;0.033;0.033;0.032;0.034;0.034;0.036;0.035;0.037;0.037;0.039;0.040;0.040;0.041;0.040;0.045;0.047;0.046;0.042;0.040;0.040;0.040;0.041;0.042;0.044;0.048;0.049;0.053;0.058;0.062;0.066;0.071;0.072;0.074;0.075;0.075;0.078;0.076;
E08;Sample X61;1.994;2.618;3.042;3.029;3.403;overflow;3.488;overflow;3.416;3.490;3.158;2.926;2.379;1.477;0.995;0.702;0.434;0.333;0.288;0.265;0.247;0.230;0.221;0.212;0.209;0.208;0.210;0.212;0.213;0.213;0.213;0.214;0.220;0.233;0.248;0.267;0.291;0.316;0.342;0.369;0.394;0.414;0.429;0.431;0.425;0.415;0.401;0.378;0.343;0.299;0.252;0.204;0.159;0.118;0.092;0.073;0.058;0.049;0.042;0.038;0.035;0.034;0.032;0.032;0.032;0.032;0.032;0.032;0.032;0.032;0.032;0.032;0.032;0.033;0.033;0.034;0.033;0.033;0.032;0.033;0.033;0.033;0.033;0.032;0.032;0.032;0.033;0.033;0.032;0.032;0.033;0.032;0.032;0.033;0.032;0.033;0.032;0.033;0.033;0.034;0.034;0.034;0.035;0.035;0.036;0.035;0.036;0.036;0.036;0.036;0.036;0.036;0.036;0.036;0.035;0.036;0.037;0.036;0.036;0.036;0.036;0.035;0.035;0.036;0.037;0.037;0.038;0.039;0.039;0.041;0.042;0.043;0.043;0.042;0.047;0.050;0.049;0.044;0.042;0.042;0.042;0.042;0.044;0.046;0.050;0.051;0.055;0.061;0.065;0.068;0.072;0.074;0.077;0.079;0.077;0.081;0.079;
E09;Sample X69;1.990;2.644;3.108;3.058;overflow;overflow;3.440;overflow;overflow;3.341;3.118;2.888;2.340;1.445;0.969;0.677;0.408;0.305;0.259;0.235;0.215;0.195;0.182;0.170;0.160;0.153;0.149;0.146;0.142;0.137;0.132;0.127;0.126;0.130;0.133;0.141;0.150;0.160;0.170;0.180;0.189;0.196;0.202;0.203;0.200;0.196;0.190;0.182;0.168;0.151;0.132;0.114;0.096;0.078;0.068;0.061;0.056;0.052;0.049;0.047;0.046;0.045;0.044;0.044;0.044;0.044;0.045;0.045;0.045;0.045;0.045;0.044;0.044;0.044;0.044;0.045;0.045;0.044;0.044;0.045;0.044;0.044;0.044;0.044;0.044;0.044;0.044;0.044;0.044;0.044;0.044;0.044;0.043;0.044;0.044;0.044;0.044;0.044;0.044;0.045;0.045;0.046;0.046;0.046;0.047;0.046;0.047;0.047;0.047;0.046;0.048;0.048;0.048;0.047;0.046;0.048;0.048;0.047;0.047;0.047;0.046;0.046;0.046;0.047;0.048;0.049;0.050;0.051;0.050;0.053;0.054;0.054;0.053;0.053;0.058;0.060;0.059;0.054;0.052;0.052;0.052;0.054;0.055;0.057;0.060;0.061;0.066;0.071;0.075;0.080;0.083;0.084;0.086;0.088;0.087;0.090;0.089;
E10;Sample X77;1.846;2.482;3.156;2.977;overflow;overflow;3.449;overflow;overflow;3.457;3.115;2.876;2.378;1.482;1.000;0.704;0.434;0.332;0.287;0.263;0.245;0.228;0.218;0.208;0.201;0.197;0.198;0.198;0.196;0.195;0.192;0.190;0.194;0.202;0.212;0.227;0.245;0.265;0.285;0.305;0.324;0.339;0.351;0.353;0.348;0.340;0.329;0.312;0.285;0.252;0.216;0.179;0.144;0.112;0.092;0.077;0.066;0.058;0.054;0.050;0.048;0.047;0.045;0.045;0.044;0.045;0.045;0.045;0.046;0.046;0.045;0.045;0.045;0.045;0.045;0.046;0.046;0.045;0.045;0.045;0.045;0.045;0.045;0.044;0.044;0.044;0.045;0.044;0.044;0.044;0.045;0.044;0.043;0.044;0.044;0.044;0.044;0.044;0.045;0.045;0.045;0.046;0.046;0.046;0.046;0.046;0.046;0.046;0.046;0.046;0.046;0.046;0.046;0.046;0.046;0.046;0.046;0.045;0.045;0.045;0.045;0.045;0.044;0.046;0.046;0.047;0.048;0.048;0.049;0.051;0.052;0.053;0.053;0.052;0.057;0.060;0.059;0.054;0.052;0.052;0.052;0.054;0.054;0.057;0.060;0.062;0.065;0.071;0.075;0.079;0.083;0.084;0.087;0.088;0.087;0.091;0.088;
E11;Sample X85;1.837;2.529;3.034;3.022;overflow;3.476;overflow;overflow;3.499;3.326;3.183;2.963;2.391;1.492;1.004;0.702;0.428;0.323;0.276;0.253;0.235;0.215;0.206;0.196;0.190;0.186;0.186;0.186;0.185;0.183;0.180;0.179;0.183;0.192;0.203;0.218;0.236;0.256;0.275;0.295;0.314;0.328;0.339;0.339;0.334;0.324;0.313;0.295;0.267;0.232;0.195;0.158;0.124;0.094;0.075;0.061;0.051;0.043;0.039;0.036;0.035;0.033;0.032;0.032;0.032;0.032;0.032;0.033;0.033;0.032;0.032;0.032;0.032;0.033;0.033;0.033;0.033;0.033;0.033;0.033;0.032;0.033;0.032;0.032;0.032;0.032;0.032;0.032;0.032;0.032;0.033;0.032;0.031;0.033;0.032;0.033;0.032;0.032;0.033;0.033;0.033;0.034;0.035;0.034;0.035;0.034;0.034;0.035;0.035;0.035;0.035;0.035;0.034;0.035;0.034;0.035;0.035;0.034;0.034;0.034;0.034;0.033;0.033;0.035;0.035;0.036;0.037;0.038;0.038;0.040;0.041;0.042;0.042;0.041;0.046;0.049;0.048;0.043;0.041;0.041;0.041;0.043;0.044;0.045;0.050;0.051;0.055;0.060;0.064;0.068;0.072;0.073;0.076;0.077;0.076;0.079;0.077;
E12;Sample X93;1.682;2.526;2.870;3.087;3.347;3.452;3.457;overflow;overflow;overflow;3.193;2.997;2.461;1.583;1.077;0.758;0.471;0.362;0.314;0.289;0.271;0.254;0.245;0.236;0.232;0.230;0.231;0.232;0.232;0.231;0.228;0.227;0.232;0.242;0.255;0.273;0.295;0.320;0.345;0.369;0.391;0.408;0.421;0.422;0.415;0.404;0.388;0.364;0.330;0.287;0.241;0.195;0.152;0.113;0.088;0.071;0.057;0.048;0.042;0.038;0.036;0.034;0.032;0.032;0.032;0.032;0.033;0.032;0.032;0.033;0.033;0.032;0.032;0.033;0.033;0.033;0.033;0.033;0.033;0.033;0.032;0.032;0.032;0.032;0.032;0.032;0.032;0.032;0.031;0.032;0.032;0.031;0.031;0.032;0.032;0.032;0.032;0.032;0.032;0.032;0.033;0.034;0.034;0.034;0.034;0.034;0.034;0.034;0.034;0.034;0.035;0.035;0.034;0.034;0.034;0.034;0.035;0.034;0.034;0.035;0.035;0.034;0.034;0.035;0.036;0.037;0.036;0.038;0.039;0.041;0.042;0.043;0.043;0.042;0.046;0.049;0.049;0.044;0.041;0.041;0.041;0.043;0.044;0.046;0.049;0.051;0.055;0.061;0.064;0.068;0.072;0.073;0.076;0.078;0.076;0.079;0.078;
F01;Sample X6;2.068;2.532;3.131;3.148;overflow;overflow;overflow;overflow;3.443;3.449;3.185;2.921;2.442;1.514;1.022;0.713;0.431;0.323;0.275;0.250;0.230;0.210;0.198;0.186;0.178;0.173;0.170;0.168;0.165;0.160;0.155;0.149;0.150;0.156;0.163;0.173;0.188;0.202;0.217;0.232;0.247;0.258;0.267;0.268;0.265;0.258;0.250;0.237;0.217;0.192;0.164;0.136;0.110;0.085;0.069;0.058;0.050;0.044;0.040;0.037;0.036;0.035;0.034;0.034;0.034;0.034;0.034;0.034;0.034;0.034;0.034;0.034;0.034;0.034;0.034;0.035;0.035;0.034;0.034;0.034;0.034;0.034;0.034;0.034;0.034;0.034;0.034;0.034;0.033;0.033;0.034;0.033;0.032;0.034;0.033;0.034;0.033;0.034;0.034;0.034;0.034;0.035;0.035;0.036;0.036;0.035;0.036;0.036;0.036;0.035;0.036;0.036;0.036;0.035;0.035;0.036;0.036;0.035;0.035;0.035;0.034;0.034;0.033;0.035;0.035;0.037;0.037;0.038;0.038;0.040;0.041;0.042;0.042;0.041;0.046;0.048;0.048;0.043;0.041;0.041;0.041;0.042;0.044;0.045;0.049;0.050;0.054;0.060;0.064;0.069;0.072;0.073;0.076;0.077;0.076;0.078;0.077;
F02;Sample X14;1.819;2.579;3.078;2.926;3.366;overflow;3.366;overflow;3.324;3.344;3.055;2.824;2.361;1.467;0.976;0.667;0.385;0.278;0.228;0.202;0.180;0.157;0.142;0.126;0.114;0.103;0.095;0.088;0.080;0.072;0.063;0.052;0.047;0.046;0.044;0.044;0.044;0.044;0.046;0.046;0.046;0.046;0.047;0.047;0.047;0.046;0.046;0.045;0.044;0.043;0.041;0.040;0.038;0.034;0.033;0.033;0.034;0.033;0.033;0.033;0.033;0.033;0.031;0.032;0.032;0.032;0.033;0.033;0.034;0.034;0.034;0.034;0.034;0.034;0.034;0.035;0.035;0.034;0.034;0.034;0.034;0.034;0.033;0.034;0.034;0.034;0.034;0.034;0.033;0.033;0.034;0.033;0.033;0.034;0.034;0.034;0.034;0.034;0.035;0.035;0.035;0.035;0.036;0.036;0.037;0.036;0.036;0.036;0.036;0.036;0.037;0.037;0.036;0.036;0.036;0.036;0.036;0.036;0.036;0.036;0.036;0.035;0.035;0.037;0.037;0.038;0.039;0.040;0.040;0.042;0.043;0.044;0.044;0.043;0.048;0.050;0.050;0.046;0.043;0.043;0.043;0.045;0.046;0.047;0.052;0.053;0.057;0.063;0.065;0.070;0.074;0.076;0.078;0.081;0.077;0.082;0.082;
F03;Sample X22;2.068;2.904;3.299;3.266;overflow;overflow;3.485;overflow;overflow;3.467;3.102;2.875;2.336;1.429;0.951;0.656;0.386;0.283;0.236;0.211;0.191;0.170;0.156;0.143;0.132;0.124;0.120;0.115;0.109;0.103;0.096;0.088;0.086;0.088;0.089;0.093;0.099;0.105;0.112;0.118;0.123;0.128;0.133;0.133;0.132;0.129;0.126;0.121;0.112;0.102;0.090;0.078;0.067;0.054;0.048;0.043;0.040;0.037;0.035;0.034;0.033;0.033;0.032;0.032;0.032;0.032;0.033;0.033;0.033;0.033;0.033;0.033;0.033;0.033;0.034;0.034;0.034;0.034;0.033;0.034;0.033;0.033;0.033;0.033;0.033;0.033;0.034;0.033;0.033;0.033;0.034;0.033;0.033;0.033;0.033;0.033;0.033;0.033;0.034;0.034;0.034;0.034;0.036;0.035;0.036;0.035;0.036;0.036;0.036;0.035;0.035;0.036;0.035;0.035;0.035;0.036;0.036;0.035;0.035;0.035;0.035;0.035;0.034;0.036;0.036;0.037;0.038;0.039;0.039;0.041;0.042;0.043;0.043;0.042;0.047;0.049;0.049;0.044;0.042;0.042;0.042;0.044;0.045;0.047;0.050;0.052;0.057;0.060;0.066;0.069;0.073;0.074;0.077;0.078;0.077;0.080;0.079;
F04;Sample X30;2.015;2.686;3.070;3.271;overflow;overflow;3.382;3.465;3.419;overflow;3.255;2.846;2.283;1.388;0.922;0.637;0.376;0.277;0.231;0.207;0.187;0.168;0.156;0.143;0.133;0.126;0.122;0.117;0.114;0.109;0.103;0.098;0.097;0.099;0.102;0.107;0.115;0.122;0.131;0.139;0.147;0.153;0.158;0.159;0.158;0.154;0.150;0.143;0.132;0.119;0.104;0.089;0.074;0.060;0.052;0.046;0.041;0.038;0.036;0.034;0.034;0.033;0.032;0.032;0.032;0.032;0.033;0.032;0.033;0.033;0.033;0.033;0.033;0.033;0.033;0.033;0.033;0.033;0.032;0.033;0.032;0.033;0.032;0.032;0.032;0.032;0.033;0.032;0.032;0.032;0.032;0.031;0.032;0.032;0.032;0.032;0.032;0.032;0.033;0.033;0.034;0.034;0.035;0.035;0.035;0.034;0.035;0.034;0.034;0.034;0.036;0.035;0.034;0.034;0.034;0.035;0.034;0.034;0.033;0.034;0.033;0.033;0.033;0.034;0.035;0.036;0.037;0.038;0.037;0.040;0.040;0.041;0.041;0.040;0.046;0.048;0.048;0.042;0.040;0.041;0.040;0.042;0.043;0.045;0.048;0.051;0.054;0.060;0.064;0.068;0.072;0.073;0.075;0.077;0.076;0.078;0.077;
F05;Sample X38;1.714;2.902;3.014;3.130;overflow;overflow;overflow;overflow;overflow;3.338;3.078;2.929;2.352;1.445;0.971;0.682;0.416;0.316;0.271;0.248;0.230;0.213;0.204;0.194;0.189;0.186;0.187;0.188;0.188;0.187;0.186;0.186;0.191;0.201;0.213;0.229;0.249;0.270;0.292;0.314;0.335;0.351;0.364;0.366;0.362;0.352;0.340;0.321;0.293;0.256;0.217;0.177;0.138;0.105;0.082;0.067;0.054;0.046;0.041;0.037;0.036;0.034;0.032;0.032;0.032;0.033;0.033;0.033;0.033;0.033;0.033;0.033;0.033;0.033;0.033;0.033;0.034;0.033;0.033;0.033;0.033;0.033;0.033;0.033;0.032;0.033;0.033;0.032;0.032;0.032;0.033;0.032;0.031;0.032;0.032;0.032;0.032;0.032;0.033;0.033;0.034;0.034;0.034;0.034;0.035;0.034;0.035;0.035;0.034;0.034;0.034;0.035;0.034;0.034;0.034;0.034;0.035;0.034;0.034;0.034;0.034;0.033;0.033;0.034;0.034;0.036;0.036;0.037;0.037;0.039;0.040;0.041;0.041;0.041;0.045;0.048;0.047;0.043;0.040;0.040;0.040;0.042;0.043;0.045;0.049;0.050;0.055;0.059;0.064;0.067;0.071;0.072;0.076;0.077;0.076;0.079;0.077;
F06;Sample X46;2.389;3.485;3.177;3.474;overflow;overflow;overflow;overflow;overflow;3.456;3.262;2.961;2.362;1.471;1.020;0.717;0.470;0.372;0.318;0.291;0.265;0.240;0.231;0.223;0.223;0.222;0.227;0.231;0.235;0.240;0.247;0.255;0.266;0.289;0.312;0.340;0.377;0.416;0.457;0.498;0.539;0.565;0.587;0.595;0.592;0.581;0.562;0.536;0.493;0.432;0.367;0.304;0.248;0.190;0.150;0.121;0.105;0.095;0.089;0.083;0.079;0.086;0.077;0.078;0.084;0.077;0.078;0.081;0.084;0.086;0.084;0.082;0.082;0.086;0.088;0.092;0.088;0.091;0.088;0.087;0.088;0.091;0.085;0.086;0.083;0.084;0.085;0.085;0.084;0.083;0.086;0.086;0.088;0.085;0.087;0.089;0.088;0.087;0.089;0.089;0.087;0.090;0.092;0.089;0.090;0.091;0.092;0.091;0.092;0.091;0.088;0.089;0.090;0.089;0.089;0.089;0.088;0.089;0.089;0.091;0.097;0.091;0.089;0.094;0.092;0.094;0.097;0.099;0.099;0.102;0.103;0.104;0.105;0.103;0.110;0.113;0.113;0.105;0.106;0.097;0.107;0.107;0.108;0.109;0.118;0.118;0.122;0.133;0.137;0.139;0.144;0.147;0.151;0.163;0.134;0.168;0.162;
F07;Sample X54;1.789;2.536;2.966;3.064;overflow;3.354;3.484;overflow;3.366;3.392;3.185;2.897;2.350;1.454;0.980;0.690;0.426;0.326;0.282;0.259;0.242;0.226;0.217;0.208;0.205;0.204;0.205;0.207;0.207;0.207;0.206;0.207;0.212;0.224;0.237;0.254;0.277;0.300;0.324;0.348;0.372;0.390;0.403;0.405;0.399;0.388;0.375;0.353;0.320;0.280;0.236;0.191;0.150;0.112;0.087;0.070;0.057;0.048;0.042;0.038;0.036;0.034;0.032;0.032;0.032;0.032;0.032;0.032;0.032;0.032;0.032;0.032;0.032;0.032;0.032;0.032;0.032;0.032;0.032;0.032;0.032;0.032;0.032;0.032;0.031;0.031;0.032;0.031;0.031;0.031;0.032;0.031;0.030;0.031;0.031;0.031;0.030;0.031;0.031;0.031;0.032;0.033;0.033;0.034;0.034;0.033;0.033;0.033;0.033;0.032;0.034;0.034;0.034;0.033;0.033;0.034;0.033;0.033;0.033;0.032;0.032;0.031;0.031;0.033;0.034;0.034;0.034;0.036;0.036;0.038;0.039;0.040;0.040;0.039;0.044;0.046;0.046;0.042;0.039;0.039;0.039;0.041;0.042;0.044;0.047;0.048;0.053;0.057;0.062;0.066;0.069;0.070;0.074;0.074;0.074;0.076;0.074;
F08;Sample X62;1.930;2.523;2.958;3.306;3.446;overflow;3.413;3.393;3.496;3.360;3.053;2.898;2.319;1.427;0.948;0.656;0.387;0.285;0.239;0.216;0.197;0.177;0.165;0.153;0.145;0.137;0.134;0.130;0.125;0.120;0.114;0.109;0.108;0.111;0.114;0.120;0.128;0.135;0.145;0.153;0.160;0.166;0.171;0.172;0.170;0.165;0.160;0.152;0.140;0.126;0.109;0.093;0.077;0.061;0.052;0.046;0.041;0.038;0.035;0.034;0.033;0.032;0.031;0.031;0.031;0.032;0.032;0.032;0.033;0.033;0.033;0.032;0.033;0.033;0.033;0.033;0.033;0.033;0.033;0.033;0.033;0.033;0.033;0.033;0.033;0.033;0.033;0.032;0.032;0.032;0.033;0.032;0.032;0.033;0.032;0.032;0.032;0.033;0.033;0.034;0.033;0.034;0.035;0.035;0.035;0.035;0.035;0.035;0.035;0.035;0.036;0.036;0.036;0.035;0.035;0.035;0.035;0.035;0.035;0.035;0.034;0.034;0.033;0.035;0.035;0.036;0.036;0.038;0.038;0.040;0.041;0.041;0.042;0.041;0.046;0.048;0.048;0.043;0.040;0.040;0.040;0.042;0.043;0.045;0.049;0.050;0.055;0.059;0.063;0.068;0.072;0.073;0.075;0.077;0.076;0.078;0.076;
F09;Sample X70;1.962;2.846;3.210;3.182;overflow;overflow;3.481;overflow;overflow;3.376;3.157;2.973;2.364;1.461;0.978;0.681;0.408;0.306;0.259;0.235;0.216;0.197;0.185;0.174;0.167;0.161;0.159;0.157;0.153;0.151;0.146;0.142;0.144;0.149;0.156;0.165;0.179;0.192;0.207;0.221;0.233;0.243;0.251;0.252;0.248;0.242;0.234;0.221;0.201;0.177;0.150;0.124;0.100;0.076;0.062;0.053;0.046;0.040;0.037;0.034;0.033;0.032;0.030;0.031;0.031;0.031;0.032;0.032;0.032;0.032;0.032;0.032;0.032;0.032;0.032;0.032;0.033;0.032;0.032;0.032;0.032;0.032;0.032;0.032;0.032;0.032;0.032;0.032;0.031;0.032;0.032;0.031;0.031;0.032;0.031;0.032;0.031;0.032;0.032;0.033;0.033;0.034;0.034;0.034;0.034;0.034;0.035;0.035;0.035;0.034;0.035;0.034;0.035;0.034;0.034;0.034;0.034;0.033;0.034;0.033;0.033;0.033;0.033;0.034;0.034;0.034;0.035;0.036;0.036;0.039;0.039;0.040;0.041;0.040;0.044;0.048;0.047;0.043;0.040;0.040;0.040;0.041;0.042;0.044;0.048;0.050;0.054;0.058;0.062;0.067;0.070;0.072;0.075;0.075;0.075;0.078;0.076;
F10;Sample X78;1.921;2.657;2.998;3.247;3.428;overflow;overflow;3.496;3.384;3.415;3.135;2.855;2.310;1.421;0.952;0.665;0.400;0.301;0.256;0.233;0.215;0.197;0.186;0.176;0.168;0.163;0.162;0.161;0.157;0.155;0.150;0.146;0.147;0.153;0.159;0.170;0.183;0.196;0.211;0.226;0.239;0.249;0.258;0.260;0.256;0.250;0.241;0.228;0.208;0.184;0.158;0.131;0.105;0.081;0.066;0.056;0.048;0.042;0.038;0.035;0.034;0.033;0.031;0.031;0.031;0.031;0.032;0.032;0.032;0.033;0.033;0.032;0.032;0.033;0.033;0.033;0.033;0.032;0.032;0.032;0.032;0.033;0.032;0.032;0.032;0.032;0.032;0.032;0.031;0.032;0.032;0.031;0.031;0.032;0.032;0.032;0.032;0.032;0.032;0.032;0.032;0.034;0.034;0.034;0.034;0.033;0.034;0.034;0.034;0.034;0.035;0.034;0.034;0.034;0.034;0.034;0.034;0.034;0.034;0.034;0.034;0.033;0.033;0.034;0.035;0.036;0.036;0.037;0.038;0.040;0.041;0.041;0.041;0.041;0.046;0.048;0.048;0.043;0.040;0.041;0.041;0.043;0.043;0.045;0.049;0.050;0.054;0.059;0.063;0.067;0.071;0.073;0.075;0.077;0.076;0.078;0.077;
F11;Sample X86;2.079;2.577;2.917;2.953;overflow;overflow;3.418;3.376;overflow;3.334;3.053;2.877;2.332;1.432;0.953;0.660;0.390;0.288;0.242;0.218;0.199;0.179;0.167;0.155;0.146;0.139;0.135;0.132;0.127;0.122;0.116;0.109;0.108;0.110;0.112;0.118;0.126;0.133;0.142;0.150;0.158;0.164;0.169;0.170;0.168;0.163;0.158;0.150;0.138;0.124;0.108;0.091;0.076;0.061;0.052;0.046;0.041;0.038;0.036;0.034;0.033;0.032;0.031;0.032;0.031;0.032;0.032;0.032;0.032;0.033;0.033;0.032;0.033;0.033;0.032;0.033;0.033;0.033;0.032;0.033;0.032;0.033;0.032;0.032;0.032;0.032;0.032;0.032;0.032;0.032;0.032;0.031;0.031;0.032;0.032;0.032;0.032;0.032;0.032;0.033;0.033;0.033;0.034;0.034;0.034;0.033;0.034;0.034;0.034;0.034;0.034;0.034;0.034;0.033;0.034;0.034;0.034;0.034;0.034;0.034;0.034;0.033;0.033;0.034;0.035;0.036;0.036;0.038;0.038;0.039;0.041;0.041;0.042;0.041;0.045;0.048;0.048;0.043;0.040;0.041;0.040;0.042;0.043;0.045;0.049;0.050;0.054;0.060;0.064;0.067;0.071;0.072;0.075;0.076;0.076;0.078;0.077;
F12;Sample X94;1.888;2.457;2.860;2.904;3.313;3.404;3.403;3.480;overflow;3.341;3.154;2.872;2.383;1.493;1.000;0.694;0.413;0.307;0.258;0.234;0.214;0.194;0.182;0.169;0.161;0.154;0.151;0.147;0.142;0.138;0.131;0.126;0.126;0.129;0.133;0.140;0.149;0.159;0.169;0.179;0.188;0.195;0.201;0.201;0.198;0.192;0.186;0.176;0.160;0.142;0.122;0.103;0.085;0.067;0.056;0.049;0.043;0.039;0.037;0.034;0.034;0.033;0.032;0.032;0.032;0.032;0.032;0.032;0.033;0.033;0.033;0.032;0.033;0.033;0.033;0.034;0.034;0.033;0.033;0.033;0.033;0.033;0.033;0.033;0.033;0.033;0.033;0.033;0.032;0.033;0.033;0.033;0.032;0.033;0.033;0.033;0.033;0.033;0.033;0.034;0.034;0.034;0.035;0.035;0.036;0.035;0.036;0.036;0.036;0.035;0.037;0.036;0.036;0.036;0.036;0.036;0.036;0.036;0.035;0.036;0.035;0.034;0.034;0.036;0.037;0.038;0.038;0.039;0.039;0.041;0.042;0.043;0.042;0.041;0.046;0.048;0.048;0.043;0.041;0.041;0.041;0.043;0.044;0.045;0.049;0.050;0.054;0.060;0.064;0.068;0.072;0.074;0.075;0.076;0.076;0.079;0.078;
G01;Sample X7;1.742;2.426;2.797;3.055;3.364;3.436;3.476;3.460;3.471;3.342;3.132;2.883;2.398;1.519;1.018;0.702;0.413;0.304;0.254;0.227;0.205;0.183;0.169;0.155;0.144;0.135;0.129;0.123;0.115;0.109;0.100;0.090;0.086;0.086;0.087;0.090;0.094;0.099;0.104;0.109;0.113;0.116;0.119;0.120;0.118;0.115;0.112;0.107;0.100;0.091;0.081;0.072;0.062;0.051;0.046;0.043;0.040;0.038;0.037;0.036;0.035;0.034;0.033;0.034;0.034;0.034;0.035;0.035;0.036;0.036;0.036;0.035;0.036;0.036;0.036;0.036;0.036;0.036;0.035;0.036;0.036;0.036;0.035;0.035;0.035;0.036;0.035;0.035;0.034;0.034;0.035;0.034;0.034;0.035;0.035;0.035;0.034;0.035;0.035;0.036;0.036;0.036;0.037;0.037;0.038;0.037;0.038;0.038;0.038;0.037;0.037;0.037;0.037;0.037;0.037;0.037;0.037;0.037;0.036;0.037;0.037;0.036;0.036;0.037;0.038;0.038;0.039;0.041;0.040;0.043;0.044;0.045;0.046;0.045;0.049;0.052;0.051;0.047;0.044;0.044;0.044;0.046;0.046;0.048;0.053;0.054;0.058;0.062;0.067;0.071;0.075;0.077;0.080;0.081;0.078;0.082;0.081;
G02;Sample X15;2.028;2.616;2.876;3.335;3.450;overflow;3.431;3.424;3.389;3.379;3.137;2.908;2.373;1.479;0.985;0.676;0.393;0.285;0.236;0.210;0.187;0.166;0.152;0.137;0.126;0.116;0.111;0.105;0.098;0.092;0.084;0.075;0.071;0.071;0.072;0.074;0.078;0.081;0.086;0.090;0.093;0.096;0.099;0.100;0.099;0.097;0.094;0.091;0.086;0.079;0.071;0.063;0.055;0.046;0.042;0.039;0.037;0.035;0.034;0.033;0.033;0.032;0.031;0.032;0.032;0.032;0.033;0.033;0.033;0.033;0.033;0.033;0.033;0.033;0.034;0.034;0.034;0.034;0.033;0.034;0.033;0.034;0.033;0.033;0.033;0.033;0.033;0.033;0.033;0.033;0.034;0.033;0.032;0.033;0.033;0.033;0.033;0.033;0.034;0.034;0.034;0.034;0.035;0.035;0.036;0.035;0.036;0.036;0.036;0.035;0.036;0.036;0.036;0.036;0.036;0.036;0.036;0.036;0.035;0.036;0.036;0.035;0.035;0.036;0.037;0.038;0.038;0.039;0.039;0.041;0.042;0.042;0.043;0.042;0.046;0.050;0.048;0.044;0.042;0.042;0.042;0.043;0.045;0.046;0.050;0.051;0.055;0.060;0.064;0.068;0.072;0.073;0.076;0.078;0.076;0.079;0.078;
G03;Sample X23;1.957;2.674;3.121;3.324;overflow;overflow;3.469;overflow;overflow;overflow;3.221;2.906;2.384;1.473;0.981;0.676;0.395;0.289;0.240;0.214;0.193;0.173;0.158;0.146;0.136;0.127;0.122;0.117;0.111;0.106;0.097;0.089;0.086;0.088;0.089;0.093;0.098;0.103;0.110;0.116;0.121;0.125;0.130;0.131;0.129;0.126;0.123;0.118;0.110;0.100;0.089;0.077;0.066;0.054;0.048;0.043;0.040;0.037;0.036;0.034;0.034;0.034;0.032;0.033;0.032;0.033;0.034;0.034;0.034;0.034;0.034;0.034;0.034;0.034;0.034;0.034;0.035;0.034;0.034;0.034;0.034;0.034;0.034;0.034;0.034;0.034;0.034;0.033;0.033;0.033;0.034;0.033;0.032;0.033;0.033;0.034;0.033;0.034;0.034;0.034;0.034;0.035;0.035;0.036;0.036;0.035;0.036;0.036;0.036;0.036;0.036;0.037;0.037;0.036;0.036;0.036;0.036;0.036;0.036;0.036;0.035;0.034;0.034;0.036;0.037;0.038;0.038;0.039;0.039;0.041;0.043;0.043;0.042;0.042;0.046;0.049;0.048;0.043;0.041;0.041;0.041;0.043;0.045;0.046;0.050;0.051;0.056;0.060;0.064;0.068;0.072;0.073;0.076;0.077;0.075;0.078;0.078;
G04;Sample X31;1.899;2.516;2.991;3.062;3.424;overflow;3.373;overflow;3.483;3.293;3.137;2.883;2.348;1.432;0.950;0.650;0.374;0.269;0.220;0.194;0.173;0.151;0.137;0.123;0.111;0.102;0.096;0.090;0.083;0.076;0.068;0.060;0.056;0.056;0.055;0.057;0.059;0.061;0.065;0.067;0.069;0.071;0.073;0.074;0.074;0.072;0.071;0.069;0.066;0.062;0.057;0.052;0.048;0.042;0.039;0.037;0.036;0.035;0.034;0.034;0.034;0.034;0.033;0.033;0.034;0.034;0.034;0.034;0.035;0.035;0.035;0.034;0.035;0.035;0.036;0.036;0.036;0.036;0.036;0.036;0.036;0.036;0.035;0.036;0.035;0.036;0.036;0.036;0.035;0.035;0.036;0.035;0.036;0.036;0.036;0.036;0.036;0.036;0.037;0.037;0.037;0.038;0.038;0.038;0.039;0.038;0.039;0.039;0.039;0.039;0.040;0.039;0.039;0.039;0.038;0.040;0.040;0.039;0.038;0.038;0.040;0.038;0.038;0.040;0.040;0.042;0.042;0.043;0.044;0.046;0.047;0.048;0.048;0.046;0.052;0.055;0.054;0.049;0.047;0.046;0.047;0.048;0.050;0.052;0.055;0.057;0.060;0.066;0.071;0.075;0.079;0.080;0.083;0.087;0.082;0.088;0.086;
G05;Sample X39;1.971;2.767;2.889;3.356;overflow;3.495;3.370;overflow;overflow;3.433;3.168;2.932;2.361;1.454;0.969;0.668;0.394;0.290;0.242;0.217;0.197;0.178;0.166;0.153;0.146;0.138;0.135;0.131;0.126;0.122;0.117;0.112;0.112;0.115;0.119;0.126;0.134;0.144;0.154;0.164;0.173;0.179;0.186;0.188;0.185;0.181;0.176;0.167;0.154;0.138;0.120;0.102;0.085;0.067;0.056;0.050;0.045;0.041;0.039;0.036;0.035;0.034;0.032;0.033;0.033;0.034;0.034;0.035;0.035;0.035;0.035;0.034;0.035;0.035;0.035;0.035;0.035;0.035;0.035;0.035;0.035;0.035;0.035;0.035;0.035;0.035;0.035;0.034;0.034;0.034;0.035;0.034;0.034;0.034;0.034;0.034;0.034;0.035;0.035;0.035;0.035;0.036;0.036;0.036;0.037;0.036;0.037;0.037;0.037;0.036;0.037;0.037;0.037;0.036;0.036;0.037;0.037;0.036;0.036;0.036;0.036;0.036;0.035;0.037;0.037;0.039;0.039;0.040;0.041;0.042;0.043;0.044;0.044;0.044;0.048;0.051;0.050;0.046;0.043;0.043;0.043;0.044;0.046;0.047;0.052;0.053;0.057;0.063;0.067;0.070;0.074;0.076;0.078;0.080;0.078;0.081;0.080;
G06;Sample X47;2.034;2.769;3.030;3.315;overflow;overflow;overflow;overflow;3.468;overflow;3.413;2.929;2.325;1.433;0.984;0.677;0.429;0.328;0.272;0.245;0.218;0.190;0.177;0.163;0.156;0.147;0.143;0.140;0.135;0.132;0.130;0.129;0.129;0.137;0.142;0.150;0.162;0.176;0.189;0.204;0.218;0.224;0.233;0.237;0.237;0.233;0.226;0.219;0.207;0.186;0.164;0.143;0.125;0.101;0.086;0.074;0.070;0.068;0.066;0.063;0.062;0.066;0.060;0.061;0.065;0.060;0.061;0.063;0.065;0.066;0.065;0.063;0.063;0.066;0.067;0.070;0.067;0.069;0.067;0.066;0.066;0.069;0.064;0.064;0.063;0.064;0.064;0.064;0.064;0.063;0.065;0.065;0.066;0.064;0.065;0.067;0.066;0.065;0.067;0.067;0.066;0.068;0.069;0.067;0.068;0.069;0.070;0.069;0.070;0.069;0.068;0.069;0.068;0.068;0.068;0.069;0.068;0.069;0.067;0.068;0.072;0.069;0.068;0.071;0.070;0.071;0.074;0.076;0.075;0.078;0.078;0.080;0.081;0.080;0.086;0.088;0.088;0.083;0.081;0.076;0.082;0.082;0.083;0.084;0.092;0.092;0.096;0.106;0.110;0.113;0.118;0.120;0.125;0.132;0.113;0.136;0.131;
G07;Sample X55;1.908;2.750;3.064;3.299;overflow;overflow;3.407;overflow;overflow;3.331;3.248;2.938;2.348;1.436;0.953;0.656;0.384;0.282;0.235;0.211;0.191;0.172;0.160;0.149;0.140;0.133;0.130;0.127;0.123;0.120;0.115;0.111;0.110;0.114;0.118;0.126;0.135;0.145;0.156;0.167;0.176;0.184;0.192;0.194;0.192;0.188;0.182;0.173;0.160;0.144;0.125;0.105;0.087;0.067;0.056;0.048;0.042;0.038;0.035;0.033;0.032;0.031;0.030;0.030;0.030;0.030;0.031;0.031;0.031;0.031;0.031;0.031;0.031;0.031;0.031;0.032;0.032;0.032;0.031;0.032;0.031;0.032;0.031;0.031;0.031;0.031;0.032;0.031;0.031;0.031;0.031;0.030;0.030;0.031;0.031;0.031;0.031;0.032;0.031;0.032;0.032;0.032;0.033;0.034;0.034;0.034;0.034;0.034;0.034;0.034;0.035;0.034;0.034;0.034;0.034;0.034;0.034;0.034;0.034;0.033;0.034;0.033;0.033;0.034;0.035;0.036;0.037;0.037;0.038;0.039;0.040;0.041;0.041;0.040;0.046;0.048;0.047;0.042;0.040;0.040;0.039;0.042;0.043;0.045;0.049;0.050;0.054;0.060;0.064;0.068;0.071;0.073;0.075;0.077;0.076;0.078;0.077;
G08;Sample X63;2.151;2.668;3.282;2.951;overflow;overflow;overflow;overflow;overflow;3.397;3.238;2.898;2.381;1.468;0.985;0.688;0.417;0.315;0.268;0.245;0.227;0.210;0.200;0.191;0.186;0.183;0.184;0.184;0.183;0.182;0.181;0.179;0.183;0.193;0.203;0.218;0.237;0.258;0.278;0.299;0.318;0.334;0.345;0.347;0.342;0.334;0.322;0.304;0.276;0.242;0.205;0.167;0.131;0.098;0.077;0.063;0.052;0.044;0.039;0.035;0.033;0.031;0.029;0.030;0.029;0.030;0.031;0.031;0.031;0.031;0.031;0.030;0.031;0.031;0.031;0.031;0.031;0.031;0.030;0.031;0.030;0.031;0.030;0.030;0.030;0.030;0.031;0.030;0.030;0.030;0.031;0.030;0.029;0.030;0.030;0.030;0.030;0.030;0.031;0.031;0.031;0.032;0.032;0.033;0.032;0.032;0.032;0.032;0.032;0.032;0.033;0.033;0.032;0.032;0.032;0.033;0.032;0.032;0.032;0.032;0.032;0.032;0.032;0.033;0.033;0.034;0.034;0.035;0.035;0.038;0.039;0.040;0.040;0.040;0.044;0.047;0.046;0.042;0.039;0.040;0.039;0.041;0.042;0.044;0.047;0.049;0.053;0.058;0.062;0.066;0.070;0.072;0.074;0.075;0.074;0.077;0.075;
G09;Sample X71;2.104;2.794;3.136;3.170;overflow;overflow;3.396;overflow;overflow;3.414;3.191;2.937;2.356;1.446;0.967;0.671;0.399;0.297;0.250;0.226;0.207;0.189;0.177;0.167;0.160;0.155;0.154;0.153;0.150;0.147;0.143;0.139;0.141;0.147;0.154;0.165;0.178;0.193;0.208;0.222;0.237;0.248;0.257;0.258;0.255;0.249;0.241;0.228;0.209;0.185;0.158;0.130;0.105;0.081;0.066;0.055;0.047;0.041;0.037;0.035;0.034;0.033;0.031;0.031;0.031;0.031;0.032;0.031;0.032;0.032;0.032;0.032;0.032;0.032;0.032;0.032;0.033;0.032;0.032;0.032;0.032;0.032;0.031;0.032;0.032;0.031;0.032;0.032;0.031;0.031;0.032;0.031;0.031;0.032;0.031;0.032;0.031;0.031;0.032;0.032;0.032;0.033;0.034;0.034;0.034;0.033;0.034;0.034;0.034;0.034;0.034;0.034;0.034;0.034;0.034;0.034;0.034;0.034;0.034;0.034;0.033;0.033;0.032;0.034;0.035;0.036;0.036;0.037;0.038;0.040;0.040;0.041;0.042;0.041;0.045;0.048;0.047;0.043;0.040;0.041;0.040;0.042;0.043;0.045;0.049;0.051;0.055;0.060;0.064;0.068;0.072;0.073;0.075;0.076;0.076;0.078;0.076;
G10;Sample X79;1.937;2.606;2.984;3.082;3.494;overflow;3.402;3.434;3.485;3.450;3.248;2.854;2.363;1.458;0.972;0.669;0.391;0.286;0.238;0.213;0.193;0.173;0.159;0.147;0.137;0.128;0.124;0.118;0.112;0.106;0.099;0.091;0.088;0.088;0.089;0.092;0.097;0.101;0.106;0.111;0.115;0.118;0.122;0.122;0.120;0.117;0.113;0.108;0.100;0.091;0.080;0.070;0.060;0.050;0.045;0.041;0.038;0.036;0.035;0.034;0.033;0.033;0.032;0.032;0.032;0.033;0.033;0.033;0.033;0.034;0.034;0.033;0.034;0.034;0.034;0.034;0.034;0.034;0.034;0.034;0.034;0.033;0.034;0.034;0.033;0.033;0.034;0.033;0.033;0.033;0.034;0.033;0.032;0.033;0.033;0.033;0.033;0.033;0.034;0.034;0.034;0.035;0.035;0.035;0.036;0.035;0.036;0.036;0.036;0.036;0.036;0.036;0.036;0.036;0.036;0.036;0.036;0.036;0.036;0.036;0.036;0.035;0.035;0.037;0.037;0.037;0.038;0.039;0.040;0.041;0.042;0.043;0.043;0.042;0.047;0.050;0.049;0.044;0.042;0.042;0.042;0.043;0.045;0.046;0.050;0.051;0.055;0.060;0.064;0.068;0.072;0.074;0.076;0.078;0.077;0.080;0.078;
G11;Sample X87;2.006;2.638;2.967;3.268;overflow;overflow;3.435;overflow;overflow;3.371;3.157;2.839;2.346;1.456;0.971;0.670;0.395;0.290;0.243;0.218;0.199;0.180;0.167;0.155;0.147;0.140;0.136;0.133;0.128;0.124;0.117;0.112;0.111;0.114;0.117;0.123;0.132;0.140;0.149;0.159;0.166;0.173;0.179;0.180;0.177;0.173;0.168;0.160;0.147;0.131;0.114;0.096;0.080;0.063;0.054;0.047;0.042;0.038;0.036;0.034;0.033;0.032;0.031;0.031;0.032;0.032;0.032;0.032;0.033;0.033;0.033;0.033;0.033;0.033;0.033;0.033;0.033;0.033;0.033;0.033;0.032;0.032;0.033;0.032;0.032;0.032;0.033;0.032;0.032;0.032;0.033;0.032;0.031;0.032;0.032;0.032;0.032;0.032;0.033;0.033;0.033;0.034;0.034;0.035;0.035;0.034;0.035;0.035;0.035;0.035;0.035;0.036;0.035;0.035;0.035;0.036;0.035;0.035;0.035;0.035;0.034;0.034;0.034;0.035;0.035;0.036;0.037;0.038;0.039;0.041;0.041;0.042;0.042;0.040;0.045;0.048;0.048;0.043;0.040;0.040;0.040;0.042;0.043;0.045;0.048;0.050;0.054;0.060;0.064;0.067;0.071;0.072;0.075;0.077;0.076;0.077;0.077;
G12;Sample X95;2.114;2.764;3.232;3.274;overflow;overflow;overflow;overflow;overflow;overflow;overflow;3.047;2.476;1.557;1.058;0.749;0.468;0.362;0.314;0.291;0.273;0.257;0.249;0.243;0.242;0.242;0.248;0.252;0.254;0.257;0.258;0.261;0.270;0.285;0.304;0.330;0.361;0.394;0.427;0.462;0.494;0.520;0.537;0.540;0.533;0.519;0.500;0.471;0.426;0.369;0.309;0.248;0.191;0.140;0.107;0.083;0.064;0.052;0.044;0.039;0.036;0.034;0.032;0.032;0.031;0.032;0.032;0.032;0.032;0.032;0.032;0.032;0.032;0.032;0.032;0.032;0.032;0.032;0.032;0.032;0.032;0.032;0.032;0.032;0.032;0.032;0.032;0.032;0.031;0.031;0.032;0.031;0.031;0.032;0.032;0.032;0.031;0.032;0.032;0.032;0.033;0.034;0.034;0.034;0.034;0.034;0.034;0.034;0.034;0.034;0.035;0.035;0.034;0.034;0.034;0.035;0.035;0.035;0.034;0.034;0.034;0.033;0.033;0.034;0.035;0.036;0.036;0.037;0.038;0.040;0.041;0.042;0.041;0.040;0.045;0.048;0.048;0.043;0.040;0.040;0.040;0.042;0.044;0.045;0.048;0.050;0.054;0.059;0.064;0.068;0.072;0.073;0.075;0.077;0.076;0.078;0.077;
H01;Sample X8;1.978;2.885;3.010;3.214;overflow;overflow;overflow;overflow;overflow;3.383;3.288;2.908;2.455;1.541;1.032;0.711;0.416;0.304;0.253;0.225;0.205;0.182;0.169;0.155;0.145;0.137;0.131;0.125;0.118;0.112;0.103;0.093;0.089;0.090;0.091;0.094;0.100;0.104;0.111;0.116;0.120;0.124;0.128;0.129;0.127;0.124;0.121;0.116;0.108;0.098;0.088;0.077;0.066;0.054;0.048;0.044;0.041;0.039;0.038;0.036;0.035;0.035;0.033;0.034;0.034;0.034;0.035;0.036;0.036;0.036;0.036;0.035;0.036;0.036;0.036;0.036;0.036;0.036;0.035;0.036;0.035;0.036;0.035;0.035;0.035;0.035;0.035;0.034;0.034;0.034;0.035;0.034;0.034;0.034;0.034;0.035;0.034;0.035;0.035;0.035;0.035;0.036;0.036;0.036;0.036;0.036;0.037;0.037;0.037;0.037;0.036;0.036;0.037;0.036;0.035;0.036;0.036;0.036;0.036;0.035;0.035;0.035;0.034;0.036;0.036;0.038;0.038;0.039;0.039;0.041;0.042;0.043;0.043;0.043;0.047;0.050;0.049;0.045;0.043;0.042;0.042;0.044;0.046;0.046;0.050;0.053;0.057;0.062;0.067;0.070;0.074;0.076;0.079;0.080;0.078;0.081;0.080;
H02;Sample X16;1.998;2.562;2.977;3.114;overflow;overflow;overflow;overflow;overflow;3.400;3.320;2.963;2.471;1.553;1.039;0.710;0.411;0.298;0.245;0.218;0.195;0.172;0.157;0.143;0.132;0.122;0.116;0.109;0.102;0.094;0.085;0.074;0.069;0.069;0.069;0.071;0.073;0.076;0.080;0.084;0.086;0.088;0.091;0.092;0.091;0.089;0.087;0.084;0.080;0.074;0.067;0.061;0.054;0.046;0.042;0.040;0.038;0.037;0.036;0.035;0.035;0.034;0.033;0.033;0.033;0.034;0.035;0.035;0.035;0.035;0.035;0.035;0.035;0.036;0.035;0.036;0.036;0.035;0.035;0.035;0.035;0.035;0.034;0.034;0.034;0.034;0.034;0.034;0.033;0.033;0.034;0.033;0.033;0.033;0.033;0.034;0.033;0.034;0.034;0.034;0.034;0.035;0.035;0.036;0.036;0.035;0.035;0.036;0.036;0.035;0.035;0.036;0.035;0.035;0.034;0.035;0.035;0.034;0.034;0.035;0.035;0.034;0.034;0.036;0.036;0.037;0.038;0.039;0.038;0.041;0.042;0.043;0.044;0.043;0.047;0.050;0.049;0.045;0.042;0.043;0.042;0.044;0.046;0.047;0.051;0.052;0.057;0.062;0.066;0.070;0.074;0.075;0.078;0.081;0.077;0.081;0.080;
H03;Sample X24;2.105;3.192;3.190;overflow;overflow;overflow;overflow;overflow;overflow;overflow;3.296;2.993;2.466;1.538;1.034;0.717;0.428;0.318;0.267;0.241;0.220;0.200;0.187;0.175;0.167;0.161;0.157;0.154;0.150;0.146;0.138;0.133;0.132;0.136;0.141;0.149;0.160;0.171;0.184;0.195;0.206;0.215;0.222;0.224;0.221;0.216;0.208;0.198;0.182;0.163;0.140;0.118;0.096;0.075;0.063;0.054;0.047;0.042;0.039;0.036;0.035;0.034;0.033;0.033;0.033;0.033;0.034;0.034;0.034;0.034;0.034;0.033;0.034;0.034;0.034;0.034;0.034;0.033;0.033;0.034;0.033;0.033;0.033;0.033;0.033;0.033;0.033;0.033;0.032;0.032;0.033;0.032;0.032;0.033;0.033;0.033;0.032;0.032;0.034;0.033;0.033;0.034;0.035;0.034;0.035;0.034;0.035;0.035;0.035;0.034;0.035;0.035;0.034;0.034;0.034;0.035;0.035;0.034;0.034;0.034;0.034;0.033;0.033;0.034;0.035;0.036;0.036;0.037;0.037;0.040;0.040;0.041;0.041;0.040;0.045;0.047;0.047;0.042;0.040;0.040;0.040;0.041;0.043;0.045;0.048;0.050;0.054;0.059;0.063;0.067;0.071;0.072;0.074;0.076;0.075;0.077;0.076;
H04;Sample X32;2.047;2.887;3.045;3.387;overflow;overflow;overflow;overflow;overflow;overflow;3.229;2.938;2.441;1.517;1.012;0.695;0.405;0.295;0.244;0.217;0.196;0.175;0.161;0.148;0.138;0.129;0.124;0.119;0.112;0.106;0.099;0.090;0.087;0.088;0.089;0.092;0.097;0.102;0.108;0.113;0.117;0.121;0.125;0.125;0.124;0.121;0.118;0.113;0.105;0.096;0.085;0.074;0.063;0.052;0.046;0.042;0.040;0.037;0.035;0.034;0.034;0.033;0.032;0.032;0.032;0.032;0.033;0.033;0.033;0.033;0.033;0.033;0.034;0.033;0.034;0.034;0.034;0.033;0.033;0.034;0.033;0.033;0.033;0.032;0.033;0.033;0.033;0.033;0.032;0.033;0.033;0.032;0.032;0.033;0.033;0.033;0.032;0.033;0.033;0.033;0.034;0.034;0.035;0.035;0.035;0.035;0.035;0.036;0.035;0.035;0.036;0.035;0.035;0.035;0.034;0.035;0.035;0.035;0.034;0.035;0.034;0.034;0.033;0.035;0.035;0.036;0.036;0.037;0.037;0.039;0.040;0.041;0.041;0.041;0.045;0.047;0.047;0.043;0.040;0.040;0.040;0.042;0.043;0.045;0.049;0.050;0.055;0.059;0.063;0.067;0.071;0.071;0.075;0.076;0.075;0.077;0.076;
H05;Sample X40;2.333;3.382;3.311;overflow;overflow;overflow;overflow;overflow;overflow;overflow;3.227;2.938;2.385;1.472;0.980;0.673;0.394;0.289;0.240;0.215;0.195;0.176;0.163;0.150;0.141;0.133;0.128;0.124;0.118;0.113;0.106;0.100;0.098;0.099;0.101;0.105;0.110;0.116;0.122;0.128;0.133;0.137;0.142;0.142;0.140;0.136;0.132;0.126;0.117;0.106;0.094;0.081;0.069;0.056;0.049;0.045;0.041;0.038;0.036;0.035;0.034;0.033;0.032;0.032;0.032;0.033;0.033;0.033;0.033;0.033;0.033;0.033;0.033;0.033;0.033;0.033;0.033;0.032;0.032;0.033;0.032;0.032;0.032;0.032;0.032;0.032;0.032;0.032;0.031;0.032;0.032;0.031;0.031;0.032;0.031;0.031;0.031;0.032;0.032;0.032;0.032;0.033;0.034;0.033;0.033;0.033;0.033;0.034;0.034;0.033;0.034;0.034;0.034;0.033;0.033;0.033;0.033;0.033;0.032;0.032;0.032;0.032;0.032;0.033;0.033;0.034;0.034;0.035;0.035;0.037;0.039;0.040;0.040;0.039;0.043;0.047;0.045;0.042;0.038;0.038;0.038;0.040;0.042;0.044;0.047;0.048;0.053;0.057;0.063;0.066;0.070;0.071;0.074;0.075;0.075;0.076;0.076;
H06;Sample X48;3.359;overflow;overflow;overflow;overflow;overflow;overflow;overflow;overflow;overflow;overflow;overflow;overflow;2.760;2.267;1.952;1.666;1.554;1.501;1.471;1.450;1.428;1.403;1.400;1.385;1.374;1.371;1.365;1.355;1.350;1.342;1.343;1.335;1.343;1.345;1.351;1.367;1.377;1.393;1.405;1.418;1.425;1.433;1.434;1.429;1.421;1.414;1.399;1.380;1.354;1.328;1.299;1.271;1.242;1.225;1.213;1.206;1.202;1.199;1.191;1.190;1.187;1.182;1.181;1.183;1.180;1.180;1.182;1.182;1.182;1.179;1.179;1.176;1.179;1.177;1.180;1.175;1.176;1.174;1.173;1.174;1.176;1.172;1.171;1.171;1.172;1.170;1.170;1.167;1.166;1.169;1.167;1.169;1.167;1.167;1.167;1.165;1.166;1.168;1.164;1.165;1.168;1.166;1.167;1.165;1.164;1.166;1.164;1.166;1.164;1.159;1.164;1.162;1.159;1.159;1.156;1.159;1.158;1.154;1.157;1.153;1.155;1.154;1.158;1.162;1.164;1.162;1.161;1.161;1.165;1.165;1.163;1.154;1.164;1.168;1.169;1.172;1.163;1.164;1.152;1.168;1.170;1.171;1.174;1.180;1.183;1.184;1.191;1.197;1.198;1.202;1.199;1.205;1.220;1.190;1.223;1.219;
H07;Sample X56;1.882;2.761;3.226;3.215;overflow;overflow;overflow;overflow;overflow;overflow;3.114;2.943;2.434;1.503;1.000;0.685;0.396;0.286;0.236;0.211;0.190;0.169;0.156;0.143;0.133;0.124;0.119;0.114;0.108;0.102;0.095;0.088;0.085;0.085;0.086;0.090;0.093;0.097;0.102;0.107;0.111;0.114;0.117;0.117;0.116;0.113;0.110;0.106;0.099;0.090;0.081;0.071;0.062;0.053;0.047;0.044;0.041;0.039;0.038;0.036;0.036;0.036;0.035;0.035;0.034;0.035;0.036;0.035;0.035;0.035;0.036;0.035;0.036;0.036;0.036;0.035;0.036;0.035;0.035;0.036;0.035;0.035;0.035;0.035;0.035;0.035;0.035;0.035;0.035;0.035;0.035;0.034;0.034;0.035;0.035;0.035;0.035;0.035;0.035;0.035;0.036;0.036;0.037;0.037;0.037;0.036;0.037;0.037;0.038;0.036;0.038;0.038;0.037;0.037;0.037;0.038;0.037;0.037;0.037;0.037;0.036;0.035;0.036;0.036;0.037;0.038;0.039;0.040;0.041;0.042;0.042;0.044;0.043;0.042;0.047;0.050;0.049;0.044;0.042;0.042;0.042;0.044;0.045;0.047;0.050;0.052;0.056;0.060;0.065;0.068;0.072;0.073;0.076;0.077;0.077;0.078;0.077;
H08;Sample X64;2.087;2.551;3.121;overflow;overflow;overflow;overflow;overflow;overflow;overflow;3.385;2.956;2.388;1.499;1.007;0.702;0.423;0.318;0.271;0.246;0.228;0.211;0.201;0.193;0.188;0.184;0.183;0.184;0.183;0.180;0.177;0.175;0.178;0.185;0.196;0.209;0.227;0.245;0.265;0.284;0.302;0.316;0.328;0.330;0.326;0.318;0.307;0.290;0.265;0.233;0.198;0.163;0.129;0.098;0.078;0.063;0.052;0.044;0.040;0.036;0.035;0.033;0.032;0.032;0.031;0.032;0.032;0.032;0.032;0.032;0.032;0.032;0.032;0.032;0.032;0.032;0.032;0.032;0.032;0.032;0.031;0.032;0.031;0.031;0.031;0.032;0.032;0.031;0.031;0.031;0.032;0.031;0.031;0.031;0.031;0.032;0.031;0.032;0.032;0.033;0.033;0.033;0.034;0.034;0.034;0.034;0.034;0.034;0.035;0.034;0.035;0.035;0.034;0.034;0.034;0.035;0.035;0.034;0.034;0.034;0.033;0.032;0.033;0.034;0.034;0.036;0.036;0.036;0.037;0.039;0.040;0.040;0.040;0.039;0.044;0.047;0.046;0.041;0.039;0.039;0.039;0.041;0.042;0.044;0.047;0.049;0.053;0.058;0.062;0.066;0.070;0.071;0.073;0.075;0.074;0.075;0.075;
H09;Sample X72;1.828;2.731;3.140;3.354;overflow;overflow;3.490;overflow;overflow;3.496;3.220;2.897;2.433;1.507;1.008;0.696;0.410;0.301;0.252;0.227;0.207;0.188;0.175;0.164;0.155;0.148;0.144;0.140;0.136;0.131;0.125;0.117;0.116;0.119;0.122;0.129;0.137;0.146;0.156;0.165;0.173;0.180;0.186;0.186;0.184;0.179;0.173;0.164;0.151;0.135;0.116;0.098;0.080;0.063;0.053;0.046;0.041;0.037;0.035;0.033;0.032;0.031;0.030;0.030;0.031;0.030;0.031;0.031;0.032;0.032;0.032;0.032;0.032;0.032;0.032;0.033;0.032;0.032;0.032;0.033;0.032;0.032;0.032;0.032;0.032;0.032;0.032;0.032;0.032;0.031;0.032;0.032;0.032;0.032;0.032;0.033;0.032;0.033;0.034;0.034;0.034;0.035;0.036;0.035;0.036;0.036;0.037;0.036;0.036;0.036;0.037;0.036;0.036;0.036;0.036;0.036;0.037;0.036;0.035;0.036;0.036;0.035;0.035;0.036;0.036;0.038;0.038;0.040;0.039;0.043;0.043;0.044;0.044;0.043;0.048;0.050;0.050;0.046;0.043;0.042;0.042;0.045;0.046;0.047;0.052;0.052;0.057;0.062;0.068;0.072;0.076;0.077;0.081;0.082;0.081;0.084;0.082;
H10;Sample X80;2.021;2.441;3.084;3.147;overflow;overflow;overflow;overflow;3.422;3.453;3.181;2.906;2.401;1.491;0.993;0.684;0.400;0.293;0.244;0.218;0.198;0.178;0.165;0.154;0.145;0.137;0.133;0.130;0.124;0.120;0.114;0.106;0.105;0.107;0.110;0.116;0.123;0.132;0.140;0.149;0.156;0.162;0.168;0.169;0.166;0.163;0.158;0.150;0.139;0.125;0.108;0.092;0.076;0.061;0.052;0.046;0.041;0.037;0.035;0.033;0.032;0.032;0.030;0.031;0.030;0.031;0.032;0.032;0.032;0.031;0.032;0.031;0.032;0.032;0.032;0.032;0.032;0.032;0.031;0.032;0.031;0.031;0.031;0.031;0.031;0.031;0.031;0.031;0.030;0.030;0.031;0.030;0.029;0.031;0.030;0.030;0.030;0.030;0.031;0.031;0.031;0.032;0.032;0.032;0.033;0.032;0.032;0.033;0.033;0.032;0.033;0.033;0.032;0.032;0.032;0.033;0.032;0.032;0.032;0.032;0.031;0.031;0.031;0.032;0.033;0.034;0.034;0.035;0.036;0.038;0.039;0.040;0.039;0.039;0.043;0.047;0.046;0.042;0.039;0.039;0.039;0.040;0.042;0.044;0.048;0.049;0.053;0.058;0.063;0.066;0.070;0.071;0.074;0.075;0.075;0.076;0.076;
H11;Sample X88;1.952;2.824;3.191;3.180;overflow;3.489;overflow;overflow;overflow;3.395;3.283;2.917;2.431;1.534;1.035;0.722;0.439;0.331;0.282;0.258;0.240;0.222;0.212;0.204;0.200;0.196;0.196;0.196;0.195;0.194;0.191;0.188;0.192;0.200;0.211;0.226;0.245;0.264;0.285;0.305;0.324;0.340;0.351;0.353;0.348;0.339;0.327;0.309;0.281;0.246;0.209;0.170;0.134;0.101;0.080;0.065;0.053;0.045;0.040;0.036;0.035;0.033;0.031;0.031;0.031;0.031;0.031;0.032;0.032;0.032;0.032;0.032;0.032;0.032;0.032;0.032;0.032;0.032;0.031;0.032;0.031;0.031;0.031;0.031;0.031;0.031;0.032;0.031;0.031;0.031;0.032;0.031;0.030;0.031;0.031;0.031;0.031;0.031;0.031;0.031;0.032;0.032;0.033;0.033;0.033;0.032;0.033;0.033;0.033;0.032;0.034;0.033;0.033;0.033;0.033;0.033;0.033;0.033;0.032;0.033;0.032;0.031;0.031;0.032;0.033;0.034;0.034;0.036;0.036;0.038;0.039;0.040;0.039;0.038;0.043;0.046;0.045;0.041;0.038;0.038;0.038;0.040;0.041;0.043;0.046;0.048;0.052;0.057;0.061;0.066;0.069;0.069;0.073;0.074;0.073;0.075;0.073;
H12;Sample X96;2.097;2.775;3.076;3.458;overflow;overflow;overflow;overflow;overflow;overflow;3.175;2.922;2.397;1.496;1.001;0.693;0.413;0.306;0.258;0.233;0.214;0.196;0.185;0.174;0.167;0.160;0.158;0.155;0.151;0.147;0.142;0.136;0.135;0.139;0.143;0.152;0.162;0.172;0.184;0.195;0.205;0.213;0.220;0.220;0.216;0.211;0.203;0.192;0.175;0.156;0.134;0.112;0.091;0.071;0.059;0.050;0.044;0.039;0.036;0.034;0.033;0.031;0.030;0.030;0.030;0.031;0.031;0.031;0.031;0.031;0.031;0.031;0.031;0.031;0.032;0.032;0.032;0.031;0.031;0.031;0.031;0.031;0.031;0.031;0.031;0.031;0.031;0.031;0.031;0.031;0.031;0.031;0.030;0.031;0.031;0.031;0.031;0.031;0.031;0.032;0.032;0.033;0.033;0.034;0.034;0.033;0.034;0.033;0.034;0.033;0.035;0.034;0.033;0.034;0.034;0.034;0.034;0.033;0.033;0.033;0.032;0.032;0.032;0.033;0.033;0.035;0.036;0.037;0.037;0.039;0.040;0.040;0.040;0.039;0.044;0.047;0.047;0.041;0.039;0.039;0.039;0.040;0.042;0.043;0.047;0.049;0.053;0.058;0.062;0.066;0.069;0.070;0.073;0.075;0.074;0.076;0.075;
